kljuc,ime,drzava,pokali,zmage,endurance,exp,cas1,cas2,cas3,eff1,eff2,eff3,mastery1,mastery2,mastery3,ws1,ws2,ws3
2620977,SweeperZero,US,1209,215232,15780,150573870,1,11,46,200,168,149,99,89,50,95,26,11
8974083,Md-101,CN,1209,160523,12360,113884935,0,10,40,220,175,157,99,91,52,80,31,8
4173336,sky high,KR,1207,148700,9900,180173528,1,12,39,169,144,137,98,80,52,83,19,11
5587951,Mario Pro Gamer,HK,1206,131086,10440,80483582,0,8,39,225,176,151,100,87,54,129,24,10
6836079,mikan,JP,1199,160832,14280,133183052,0,15,50,207,166,151,99,91,52,93,35,10
3544203,Obelus,FI,1189,146996,12060,81147278,1,13,44,192,178,140,100,90,54,108,33,9
1457912,Thrainos,US,1187,112687,14760,66605364,1,14,46,210,175,150,98,82,54,90,23,9
8773586,AlphaVorteX,KR,1186,51879,11220,47161732,0,11,46,211,178,157,100,85,52,133,31,8
198754,Gini5525,LT,1181,145849,14040,84286933,1,12,44,180,156,138,99,87,49,82,35,12
5445223,Teshima M,JP,1181,64229,11340,63635751,1,12,42,188,157,146,100,89,51,112,29,8
11453722,DOA,US,1167,110946,16200,69526404,2,18,62,210,165,149,99,90,53,92,33,9
5978127,Anonymous5978127,CN,1166,60328,11880,51932194,0,12,48,186,160,146,97,82,52,63,36,7
4512690,Lucas C,US,1164,93144,16440,65683976,1,15,48,180,146,136,100,89,55,124,31,10
5242851,janitor2,DE,1161,113436,20460,50633678,1,17,63,217,184,146,99,84,53,92,25,12
1588995,Aris,GR,1160,99351,18780,56010590,1,11,42,178,145,133,99,87,51,86,26,9
5886562,Sirusc Trading gems (profile),DK,1159,196276,15900,80010474,1,18,67,181,159,139,99,91,51,93,45,11
595202,Baldi99,IT,1159,100604,13860,56206822,1,13,50,208,176,144,100,85,52,100,28,8
2554698,nagao,JP,1157,126604,13980,59816533,1,14,52,200,169,141,99,88,51,88,38,9
1783173,PTY,CN,1155,36565,13860,21135733,1,9,35,183,156,140,99,84,54,92,21,9
5345124,zhu4ara,BY,1154,126731,19860,67586427,1,16,60,212,161,142,100,86,46,101,34,12
3632248,Anonymous3632248,RU,1154,46475,13980,52587100,1,17,51,164,140,130,98,85,52,70,31,9
5008342,Nekoha Shizuku,CN,1154,58172,19680,29024882,0,9,50,214,163,140,98,85,49,73,27,7
3810877,StenWTF,RU,1153,79081,15900,87323580,1,18,58,177,155,134,98,86,51,60,28,8
1031637,kasenn,JP,1153,48261,15660,35100153,1,14,42,175,156,136,96,87,51,70,27,8
8571914,MOsweeper,DE,1151,181590,15720,53553067,1,17,60,167,143,143,100,85,47,125,27,12
2677763,PTTACGfans,TW,1151,84817,14520,50424467,1,14,59,200,168,148,98,86,48,75,27,8
2212652,greg,GR,1150,121037,74640,80441753,1,14,53,169,152,130,99,85,49,76,23,12
3384885,kashimic,JP,1150,74242,14220,47950405,1,11,48,211,161,139,99,82,48,74,24,8
2282005,MoCol,US,1148,106731,15300,77436181,1,15,57,175,141,132,98,82,50,83,24,8
6439946,youyou,JP,1148,79577,20100,52174114,1,15,52,183,152,140,99,80,48,80,27,8
3162279,South Ghost(more cus,CN,1146,54361,21240,71486590,2,19,68,159,148,138,98,86,55,76,26,11
15420315,Yermak,RU,1146,79188,19920,64727174,2,22,76,207,162,147,100,83,53,132,31,9
3039734,PurgeLight,US,1145,167211,21720,104585384,1,18,65,200,164,141,99,89,45,90,29,9
5309760,Rodallega,CN,1144,81232,21540,88089040,1,11,44,185,153,141,96,83,38,53,24,7
3472556,Zolingom,KR,1143,70541,14640,30249950,1,13,53,213,162,138,98,83,49,87,22,9
3020427,Rory‚òÖ,HK,1142,99877,19200,41116790,1,13,48,233,170,142,97,86,53,81,30,13
5080433,Neutral,VN,1142,40797,17640,28963152,1,15,61,192,152,145,97,91,51,65,46,7
9931643,esuesu,JP,1140,96648,19200,56764719,2,19,64,200,164,139,99,88,46,85,39,8
4946833,rustixx,NO,1140,265436,18900,52485778,1,11,48,219,173,145,99,87,42,91,25,9
9449706,SA722,JP,1139,66837,20820,17689848,0,11,45,200,154,144,100,91,48,124,33,7
5125360,Buckethead5,FI,1138,261424,18180,69274587,1,13,45,191,158,136,100,85,42,104,25,8
6749868,The 40th General,JP,1138,59616,15060,44252618,1,15,53,180,149,136,97,90,47,75,30,8
1191828,Natyo,JP,1137,75318,16320,68988563,1,12,50,175,142,135,99,86,47,65,23,9
12426833,jannes,DE,1136,95940,17040,74094378,2,19,73,210,157,134,99,87,48,91,30,9
9487140,aFlower,JP,1136,59371,17700,50965906,2,18,65,186,163,138,99,85,48,77,30,8
5260061,MKKA~,AR,1132,55466,16920,32263924,1,14,55,207,166,144,99,86,49,93,24,8
17005649,hoyanoko,JP,1132,25522,23520,15512233,1,10,66,186,149,143,97,86,47,73,22,10
1489507,iddaga,KR,1131,408151,11040,39195633,1,16,48,170,140,127,100,88,51,113,30,9
9502324,????????,CN,1131,31173,19080,19433089,1,15,55,208,163,152,98,89,43,57,35,6
9588942,bolsa12389,AR,1129,123200,28620,59915333,1,24,80,220,161,144,99,92,51,83,43,8
1881608,mtanzer,US,1129,71128,12480,16648699,1,13,50,188,159,141,98,87,53,90,29,13
5356452,Injeong Park,KR,1127,233333,21660,114951715,1,23,76,170,150,135,99,89,42,90,36,8
3260917,Huhnhaufen,DE,1127,121752,82800,99968241,2,22,74,167,151,133,99,87,46,89,32,9
2142386,HIIH(ùëØùë∞ùë∞ùëØ)Read My Profile,TW,1127,78455,20640,79394918,2,18,64,164,149,124,99,85,51,92,25,8
2484838,Archeaic,NL,1127,80022,13680,34894003,1,10,35,180,151,131,98,83,46,79,26,7
15223773,0716!! / thank you!,JP,1127,21955,21360,16444549,0,16,53,193,158,148,100,74,48,110,22,10
1958979,Mauro Pit,IT,1126,98714,21360,64279009,1,18,70,165,151,131,100,86,45,106,29,9
1456633,Zlix,RS,1126,71839,17400,53117149,1,12,44,175,150,136,97,86,45,66,28,7
8007296,RaLu-ra,JP,1125,113769,16680,80977868,1,17,59,167,140,127,97,82,44,79,26,7
6362444,1155002818,HK,1125,147793,16800,77190766,1,17,67,167,152,132,98,90,44,76,27,7
1807839,robercik,PL,1124,167728,28620,134415282,1,17,61,183,150,132,99,89,33,80,31,7
4506329,KGD,KR,1124,132541,17520,74308575,1,19,65,153,145,131,100,88,45,112,27,8
3123610,diablo888,DE,1123,214195,27360,88363316,1,20,72,192,159,140,100,88,42,101,34,8
7359298,Sosoru(Âà•„Ç≤„Éº„É†„Å´ÈÄÉËµ∞‰∏≠),JP,1123,60387,12720,19564579,0,12,48,171,156,130,99,84,50,89,28,8
5802800,Axel Lindstr√∂m,SE,1122,122501,25140,62115128,1,21,81,200,154,141,99,88,49,81,27,9
4814658,DarkStar,CN,1122,43742,17700,27010262,1,14,53,160,153,133,97,83,51,63,26,8
13247721,BorbityBorb,GR,1122,44256,22740,23244574,0,18,71,189,162,151,99,91,50,88,34,8
12896030,TheMemeLocomotive,US,1122,40296,17460,21878179,1,12,63,208,162,147,99,88,46,74,29,7
7124359,potatoes,US,1122,24973,16860,7892422,0,8,43,200,175,143,94,88,45,35,28,8
7203653,rgg,XX,1120,135155,27480,58543817,1,19,70,181,157,138,100,83,44,104,30,8
3283855,ahwitz,US,1120,42621,16200,43635569,2,16,55,182,146,132,99,86,43,85,27,8
2531639,Al-Esku,NZ,1119,42843,15420,29791919,1,17,61,152,143,126,98,85,49,87,26,9
642285,Galaxi,SE,1118,69069,14100,42261278,1,13,50,200,141,126,99,90,50,84,31,7
1388039,boru,PL,1118,75163,50340,37978907,0,8,31,200,166,140,100,85,47,108,22,6
6095151,Nhuwjt,VN,1117,51707,21540,57323656,2,22,76,165,143,131,100,84,47,121,24,7
12409158,Cedur (hates NF arena),DE,1117,68168,17820,34690004,1,17,66,174,160,138,100,84,49,109,32,7
5002111,Y≈´ki Akabane,JP,1116,94342,23640,45325464,1,20,74,192,159,139,98,88,46,80,26,8
17089279,Lovesick,JP,1116,29501,17820,34090929,2,19,69,171,143,135,100,90,50,107,31,7
1537421,trckui11,IL,1116,73253,19560,24341538,1,12,49,225,164,134,100,88,45,115,34,8
7086917,Prutsbeest,BE,1116,27738,16680,15216947,1,16,60,185,146,143,97,78,52,68,19,8
14579874,cream,JP,1115,51930,19380,37421329,1,20,68,194,160,144,98,88,44,71,30,6
4043148,Archer0930,CX,1115,51828,2897,25718219,0,10,45,200,170,144,99,89,42,82,30,7
2120292,–ö–∞–Ω–¥—ç–ª—è–±—Ä,BY,1114,144922,23940,105604389,2,21,78,178,155,134,99,83,43,87,31,8
3855374,afgg,US,1114,49199,17160,23579990,1,16,57,182,155,133,98,87,47,75,30,9
4969972,cat :3,US,1113,79076,34980,23767927,0,14,50,200,168,144,98,87,44,68,25,9
5331153,chowchunfu,HK,1113,20038,17160,15982296,1,17,65,142,138,136,97,85,53,42,14,10
4701265,eff,PH,1113,27060,81240,15415077,0,8,39,194,151,131,97,85,45,54,17,8
16587681,Cyclone0612,PL,1113,16213,38040,6259353,1,13,47,200,161,147,97,81,46,46,16,8
3468155,EufemiaHZ,ES,1112,75385,21480,56414863,1,18,62,185,154,128,99,87,42,74,33,6
1105425,MadsFuldGas,DK,1112,98351,22680,51619304,1,16,59,186,169,137,99,83,42,97,23,9
4909363,YooonY,KR,1111,147982,34200,58936376,2,19,77,193,146,130,99,88,52,85,30,9
3602486,team worm,US,1111,171659,25200,37631162,1,20,65,200,158,130,99,91,47,88,45,7
4067714,rotanimod,US,1110,50022,83160,24966205,2,15,59,182,147,140,99,81,48,83,23,10
4928386,CrystalClear,ID,1109,43220,3264,34720657,1,13,46,200,170,142,98,87,40,57,22,6
5813232,yumeoi,XX,1109,46522,17580,30369786,2,16,66,155,163,135,97,86,47,60,21,7
9887908,Aleksey Berdyugin,RU,1109,35949,17880,29578490,2,19,64,180,163,138,97,85,49,58,29,8
2150671,‚Äãhc,DK,1109,115372,3460,24144726,1,11,47,227,180,148,98,85,21,51,22,8
3221572,YSY,SG,1108,142414,18120,119032381,1,17,59,160,136,122,99,83,49,78,25,8
3223654,JSwole,US,1108,70075,15720,36112041,1,15,49,159,135,128,99,85,38,96,36,6
14507302,karikari,JP,1108,34820,17220,20689407,2,18,57,184,151,135,97,88,46,65,27,8
5133023,TODOMECAPS,GR,1106,134452,22620,75763916,2,20,71,200,151,134,98,85,44,77,31,11
3756099,jinzx10,CN,1106,74578,3033,46824130,1,14,48,175,151,130,99,89,45,68,24,7
6191817,BS747,SK,1106,126066,25020,42899818,2,21,78,200,157,141,99,86,47,97,28,9
3733293,84436,VN,1105,63906,29580,29997174,1,20,76,219,163,150,99,84,42,85,26,11
2120248,Bensie,NL,1105,57706,18360,18022462,1,12,38,150,135,121,97,84,34,71,20,9
3205112,Doogle,FR,1104,48808,15900,42867504,1,14,49,160,147,133,97,81,40,72,26,7
5463299,isvaldor,XX,1103,139331,25920,54977162,1,21,75,192,146,125,99,85,46,91,27,10
7925244,SDXX,CN,1103,31469,18600,23675956,1,15,53,193,156,138,98,86,43,89,19,6
5225686,77.,CN,1103,43525,16740,19788143,1,12,46,144,146,126,98,79,45,72,26,7
1907896,ùì∂ùì™ùìªùì¥.ùìΩ,JP,1102,222413,31260,141422561,2,29,110,177,153,137,100,90,43,129,32,7
2329929,I r i n a,BY,1102,184802,28260,114585293,2,24,88,192,149,129,99,86,45,85,24,8
9740766,x `,CN,1102,23504,16020,39550928,None,None,51,None,None,140,None,None,38,None,None,8
4331257,Lulic71,IT,1102,56727,4020,38352240,1,19,64,164,156,130,97,82,45,51,22,10
8032943,davidov,IL,1102,25312,3509,16793929,1,15,52,171,152,146,98,82,45,64,23,8
1642044,Arhi,RU,1101,72797,20760,51467086,2,19,76,167,144,132,100,83,45,119,29,7
3777798,lIlIlIlIIlIlII,KR,1101,55791,22740,37688106,1,15,50,160,141,132,98,87,45,92,24,7
3039065,Anonymous3039065,KR,1100,101979,29820,60451695,2,22,87,187,152,137,98,82,46,76,24,8
4832923,Lilyknight,JP,1100,29117,26100,29577108,2,21,69,171,148,136,98,83,43,55,24,9
2691646,Gertoperto,NL,1100,46860,21000,27666407,2,20,67,200,153,133,98,83,47,65,21,8
5009855,MUSIC‚ô•SP/EFF,CN,1099,48429,3720,31266222,1,14,52,192,165,143,95,83,40,52,24,7
128369,Rurex,PL,1099,56053,3660,19436855,1,18,61,147,144,133,98,84,49,69,30,9
1460931,Amaranth,IT,1098,22033,17760,14750246,1,19,59,147,138,128,99,78,43,94,25,10
1241073,Peter_K üá∫üá¶,DE,1097,231483,33600,143668857,2,28,103,200,150,129,99,88,47,80,27,9
4484815,ata,KR,1097,172499,4020,61447237,2,20,74,211,154,136,100,86,42,109,41,7
8686380,Zaff777üê¢,US,1097,43638,22560,32373871,1,15,59,187,140,128,99,87,47,108,36,8
4700637,Whopperüçî,FR,1097,48174,17700,27229394,1,13,48,206,167,140,93,75,44,58,17,7
7887721,He's a baby,IS,1095,32332,17220,17859452,1,16,59,191,155,137,99,86,51,92,18,6
5916707,saolei6404,CN,1094,55171,3132,66319699,1,11,41,192,149,133,99,79,38,83,22,6
7216117,TomCat634,JP,1094,62899,25860,41510759,2,24,76,165,145,131,99,84,48,96,27,12
595032,RmwCby,MD,1094,67169,17940,27586565,1,17,56,160,138,128,97,79,45,66,17,7
4837574,Asbl11,TW,1094,55342,22800,20850278,1,14,53,193,154,143,98,86,44,88,24,7
8258534,Midsommar,KR,1094,36525,3720,20827084,1,19,68,150,145,129,98,84,50,86,34,9
13890582,hjkfgdsf,JP,1094,27964,23040,14252220,2,14,66,170,147,130,98,84,53,81,33,10
3134054,guotianyun,CN,1093,79831,32340,41863800,2,17,65,192,151,141,98,85,45,82,27,7
1866320,Larkin,HU,1093,78411,29220,36171297,1,13,55,200,152,136,99,86,40,96,31,6
6572129,Julian1898,DE,1092,185128,36420,59978821,1,21,77,167,159,127,98,88,37,82,33,12
2650407,Yukina,RU,1092,66642,47460,46758592,2,25,79,160,147,125,99,85,44,75,36,10
6878391,„ÅÇ„ÅÇ„ÅÇ„ÅÇ„ÅÇüå∏~,XX,1092,53430,15720,25321404,1,16,58,208,152,130,99,82,43,98,19,8
1417668,Gainz,CA,1090,9763,20460,26732678,1,10,39,138,135,127,97,74,38,51,16,7
733893,llama,GB,1090,48320,26040,8603308,1,11,46,225,171,145,100,83,47,102,25,8
3868367,nellok,US,1089,114412,35220,57777818,2,28,94,178,145,132,100,87,51,100,32,8
10621616,Mawy,NO,1089,48229,17100,26102676,1,15,52,160,138,124,99,82,45,89,22,8
6199518,Tex7734,PL,1089,24227,22860,15968041,2,23,77,173,159,136,97,86,50,60,24,8
1933881,Pantoffel,AW,1088,129112,25080,68537774,1,20,70,158,145,126,98,87,33,68,27,8
539741,Rige,BE,1088,57198,4140,24008031,1,15,54,182,155,137,98,89,44,70,30,7
9689070,Marten2195,NL,1087,43976,4620,23405254,1,19,68,171,149,124,98,84,50,72,32,8
11410095,Sileair,DE,1087,47085,17880,22870046,2,21,80,193,150,133,99,84,47,82,38,7
3437767,ufo,JP,1087,31319,24600,15095180,1,16,53,178,150,135,95,79,43,47,20,7
2243976,Fausto,IT,1086,52191,32040,36572698,2,23,81,164,153,134,98,85,48,80,33,8
11815198,Polchto,FR,1086,16295,21600,7730349,1,17,65,193,157,144,97,87,47,61,34,6
5551887,Faith&amp;Truth,US,1085,44428,34260,49157476,2,23,78,146,136,122,98,85,47,67,29,8
2848655,„Åø„Éº„Å©,JP,1085,58882,18900,46515885,1,20,63,163,139,134,97,79,42,53,21,8
3963363,Ekas,LT,1085,26269,17280,9515990,2,20,72,163,142,134,98,82,50,63,29,8
13355498,Sagomungci,KR,1084,26819,22320,19079957,2,20,71,175,153,136,97,81,48,63,25,7
14504611,lslslslslslsl,CN,1084,24682,78960,13565477,1,13,61,200,175,151,95,76,44,57,16,6
2215451,–ö–∞–ø—É—Å—Ç–∞,RU,1083,150843,25080,86263458,2,21,74,181,153,136,98,82,40,78,25,7
2168209,„Åâ„ÇÉ„Å£,JP,1083,117790,30000,67958730,2,23,86,156,157,124,97,86,47,77,27,9
5324608,Hao1501,VN,1083,56571,21960,22016423,1,20,77,200,174,145,98,86,50,80,30,7
6740586,tchesket,US,1083,38694,77940,19164156,1,15,57,182,149,125,99,86,43,71,23,8
5465333,PhanthomPhreak,BE,1082,112938,52620,53165195,2,23,83,181,154,133,98,81,45,82,34,8
3570792,kostebek,DE,1082,82855,82680,38857970,1,19,65,176,145,129,99,87,42,91,35,7
1934311,zbt(inactive),CN,1082,18437,5340,17521704,2,21,64,209,163,149,96,75,46,49,24,7
12649239,These,CZ,1082,30858,20520,17391678,2,24,73,167,143,138,99,87,42,85,34,8
8643787,Sternenstaub,DE,1081,76647,31800,54497006,2,24,93,150,147,133,99,88,40,85,25,8
4401250,COOKING_IDOL,JP,1081,33890,17280,25509235,1,15,54,160,140,127,98,81,42,72,30,9
12414223,smiley_eff,JP,1081,49557,52920,23162798,1,20,81,188,157,145,98,88,48,69,29,8
11964243,Treecko1,GB,1081,48906,34140,18767888,1,16,57,175,144,125,99,86,44,96,27,8
3937242,Conscience404,XX,1081,62444,21180,15516583,2,22,77,171,162,128,100,89,40,128,35,7
2320331,ponder üì¶,UA,1080,90627,28380,53162455,2,20,76,155,144,129,99,83,42,93,31,8
6069460,man1aq|Thanks!,PL,1079,114994,30240,69233648,2,23,94,156,163,130,99,88,41,82,35,8
1062291,RadicalMGuy,CA,1079,47880,22620,23634403,1,16,57,150,145,125,96,76,43,61,22,7
9288683,kou,JP,1079,54384,22860,21539057,1,17,69,182,160,139,99,83,53,99,25,8
998373,Raiden,AR,1079,26597,20460,15005275,2,19,59,146,142,138,98,79,39,77,19,7
13144392,kzk,JP,1079,19859,17640,12299218,1,18,62,180,144,137,97,78,44,61,28,6
4531851,Voytek,GB,1079,30082,19740,11548994,1,20,68,163,136,126,97,85,47,68,28,9
11122804,Jannz,PE,1078,89746,26700,30641650,2,21,76,173,146,131,99,81,44,94,29,8
164649,NeviD,RU,1078,60596,46440,29381264,1,13,50,145,142,121,99,80,38,83,30,9
8267444,Êàë‰∏çÊòØÂ§ß‰Ω¨,TW,1077,111485,41760,35841082,0,14,51,188,158,133,99,85,44,78,25,6
15734516,vvvf,JP,1077,24095,76260,13202484,1,22,69,200,150,146,97,85,41,74,21,9
7267978,yamaüå∏,JP,1077,52564,19680,12309690,1,20,60,200,144,131,99,83,49,81,27,10
1587994,qwex,KR,1077,16733,20940,11698031,3,22,68,171,148,134,98,85,47,65,22,7
13539538,jilI,JP,1077,29614,17520,10155627,1,18,64,171,149,131,97,83,46,69,22,7
5806294,Tug,DE,1076,37069,41160,14081553,1,17,61,192,147,141,100,86,48,103,27,7
5257294,Pro overtime worker,KR,1075,45942,26880,31123475,2,22,81,141,129,121,98,85,52,74,24,9
8309074,Zoooooooook,US,1075,45690,23940,19605025,1,17,68,167,146,126,99,85,44,93,24,8
9832786,Âº•Ê¨°„Åï„Çì,JP,1074,23934,20880,9331912,2,20,62,140,143,138,98,80,49,62,17,7
3879531,evgheni,IT,1073,131809,5100,79616061,1,24,94,183,160,135,99,87,45,95,27,7
6596922,Silvergreen324,US,1073,53831,67440,41498579,1,20,75,164,136,127,98,88,46,75,31,7
1258417,Rokokosz,PL,1073,60761,23820,38643045,1,15,48,192,140,126,96,86,42,52,22,8
11695868,quickkiran,CA,1073,75947,24960,32131957,2,21,81,179,146,128,99,88,52,74,31,8
4731288,Der Coach,DE,1073,71051,31320,31585065,3,26,83,190,144,126,98,87,45,73,33,9
6895032,Wirges,MX,1073,43288,4500,31309683,1,17,62,154,139,130,97,87,44,67,32,8
5938049,chaouu,GB,1073,45557,22740,24453263,2,17,64,175,142,125,96,84,53,73,26,6
4347293,Gimr,CH,1073,35227,4080,18055195,1,19,68,163,148,136,97,81,43,62,24,9
705884,Matthieu,FR,1072,34037,21300,8024061,1,13,49,144,134,128,100,86,38,114,39,6
15566359,–°–µ—Ä–≥–µ–π –ê—Ç–∞–º–∞–Ω—á—É–∫,UA,1070,54699,24420,31351408,1,23,75,200,161,139,99,78,37,64,22,7
5048976,catboislim,US,1070,41649,3960,16005874,2,21,70,157,139,123,99,87,48,82,38,7
4735621,Kirby703,US,1070,26582,14580,9502929,1,16,59,159,148,140,97,87,46,69,23,7
5853300,ÂêçÁÑ°„Åó5853300,JP,1069,81749,4560,42740333,2,26,89,175,146,128,100,83,45,115,27,7
1434942,KAMO,JP,1069,35937,74640,26246135,2,17,61,160,135,123,97,83,46,85,18,7
6152553,rail,JP,1069,46143,3600,23044637,1,17,59,171,149,131,98,82,39,79,27,7
4769053,wbe21547@cuoly.com,DE,1069,39445,26100,20791957,2,21,85,144,144,126,98,84,46,88,22,10
9874925,Aaron9,US,1069,39175,72240,16146100,2,19,79,177,156,142,98,78,49,70,20,8
4827542,Janovic1th,SK,1069,102527,19800,13225243,1,19,56,167,143,123,98,85,42,81,30,6
1981820,Too much|UA,UA,1068,52035,25680,36370290,2,23,78,165,151,132,97,86,37,71,29,6
9048814,„Åæ„Åì„Åì,JP,1068,46422,17400,13046589,1,14,51,160,137,122,98,78,45,71,26,6
395362,NB Mobile,BG,1067,281332,60480,102773748,1,20,106,165,142,131,99,89,42,99,34,7
7332954,hfr3d,FR,1067,129755,4620,57676607,2,24,80,177,158,129,99,89,39,89,27,9
7016850,ÔΩ•Ôæü‚úÆùêµùìäùí∑ùìäùìÅùìÅùëí‚úÆÔæüÔΩ•,FR,1067,53906,31080,38704762,3,23,87,164,144,128,98,88,47,87,30,7
7251413,„Åß„Çì„Åó„Åµ„Çç„Éº„Çâ„ÇÄ,JP,1066,137553,34800,49051507,2,25,95,183,143,129,99,86,51,86,31,7
1491664,Sh'dynasty,US,1066,63078,48720,38746539,1,23,74,177,156,131,99,84,43,66,25,7
9946713,R-amber,JP,1066,79551,28380,35021765,2,28,93,156,146,130,99,87,48,90,40,8
5279469,VibbieT,HR,1066,45102,39060,26187649,2,18,64,156,136,126,97,81,44,61,26,7
2656515,adam eve,IL,1065,202177,25440,108581635,1,18,75,178,149,128,99,86,41,88,28,8
214151,yochairs,IL,1065,81595,21060,36036604,1,16,53,164,137,121,97,79,37,60,22,8
14620396,Emilie,FR,1065,35134,21300,15485979,2,25,76,169,145,127,98,80,44,74,24,9
6582718,„ÅÇ„Åñ„Çâ„Å£„Åó„ÇÖ,JP,1065,22006,17280,11336442,1,19,63,167,137,129,97,83,43,73,23,8
2713198,Kai-Uwe,DE,1064,161472,25020,83472615,1,19,71,180,142,125,99,89,40,89,33,7
5073525,„Åç„ÅÇ„Çç,JP,1064,103474,51840,64635953,1,16,66,150,148,130,99,80,42,99,23,6
8440847,Curiosity,FR,1064,33605,27840,21994472,1,24,78,175,152,134,98,81,51,65,23,7
5024767,jjh20823,CN,1064,9751,24240,5348992,1,10,44,165,150,136,92,87,47,40,17,7
15844209,forsooth,JP,1063,48625,18060,34145947,1,14,49,163,153,124,99,86,43,66,29,7
11358383,User11197,DE,1063,42644,43260,30449974,3,24,81,148,136,125,98,79,46,70,25,9
7147858,Karrak,DE,1063,22566,31560,25271288,2,25,72,156,135,126,99,87,46,87,23,7
825046,Alex Lage,BR,1063,28318,32100,18897190,1,18,75,164,140,125,97,82,44,58,26,8
6344128,Roxana,RO,1063,36119,40200,18388118,2,26,87,144,145,130,96,86,48,72,22,11
5155691,ÈÅã„Ç≤„ÉºÂº±ËÄÖ,JP,1063,33893,25860,18335158,1,19,56,157,146,124,95,77,37,45,39,7
6041009,nanaArashi,CN,1063,37774,30480,16603104,1,16,63,178,158,138,98,85,41,82,21,8
12440969,tyou bun,JP,1063,20732,22320,14161020,3,23,68,147,140,135,97,86,47,74,26,6
16042942,fne,GB,1063,8794,41220,5200027,2,20,60,169,149,144,98,84,45,69,19,7
5558604,Josh Scorpius,ES,1062,76952,21840,29715984,1,14,83,200,136,126,99,85,44,72,32,6
9763775,stasyapelman,BY,1062,69625,16740,26337734,1,12,46,156,124,121,98,83,35,73,23,6
451139,qqwref,US,1062,71847,13500,15108198,1,11,44,162,148,127,97,83,42,60,27,6
770798,pauv,CN,1062,27321,14220,12615574,1,11,40,188,154,146,98,74,40,53,22,6
1496533,GlennGould,IT,1062,17342,77640,8904194,2,21,66,143,121,119,96,87,54,56,39,12
17591256,Joseph3079,US,1061,28218,3524,16370891,1,19,66,167,136,134,97,88,46,77,37,7
3751092,Gestath,DE,1061,24773,81120,15407348,2,19,67,157,153,140,97,79,48,61,26,6
3416322,lady grinning soul,CH,1061,32268,41820,12365439,2,20,70,167,140,130,98,89,42,82,24,8
5032507,Saratoga,VN,1061,24422,5280,9775864,1,14,58,200,167,148,96,83,48,55,27,6
2718084,Kurraga,AU,1060,52049,26700,32266616,1,18,66,200,165,141,96,83,36,66,26,6
1523859,Snoom,RU,1060,53128,23340,16976776,2,19,60,165,147,128,99,89,43,84,26,9
7701569,W. Veeranonchai,TH,1060,31173,53880,15822700,2,18,68,160,158,134,99,88,46,86,23,6
11608868,Ikeria,PK,1060,21833,4260,6292719,1,22,65,200,160,141,97,84,47,46,29,6
3326966,tetraidr,RU,1059,61095,22680,45363296,2,21,82,178,153,131,98,84,41,87,28,7
10423385,DaiGoRow,JP,1059,40605,30300,20957699,3,25,90,192,143,128,97,83,48,67,27,9
15862596,yuqiao,CN,1059,28509,59160,8814142,1,20,68,163,142,133,99,90,41,72,34,8
8348104,K U P,TH,1059,10943,17520,4550433,1,17,63,142,130,132,97,84,46,73,22,8
7775974,üå∏PelicanüíÆinactive,JP,1058,65292,20400,39216989,2,21,74,163,154,127,98,81,40,83,26,6
11261857,ÈÖíÁ≤æ‰∏≠ÊØíÊÇ£ËÄÖü•Ç,TW,1058,65293,40320,32675710,2,31,101,139,157,132,99,85,45,90,33,9
9935219,Karz,NL,1058,56706,32220,27208518,2,21,72,190,160,137,98,84,39,77,22,6
2567207,ncher,RU,1057,260615,72060,98126277,2,24,102,188,142,128,99,85,42,93,32,8
7936587,CryptoKnight,FI,1057,78685,52740,24975008,2,26,84,179,145,129,99,85,46,78,41,9
5014889,–í–æ–ª–æ—Å–∞—Ç—ã–π –î–∂–æ,RU,1057,25070,76140,17528811,2,18,69,157,135,126,97,86,43,64,22,8
2870006,hxtscjk,CN,1057,17858,24240,9694515,1,12,51,164,146,130,98,83,42,68,19,7
2600486,Ad Hoccer üéπüêâ,FI,1057,32385,35940,7335804,2,20,73,171,127,127,99,82,47,84,20,10
7803093,Mommy Raven,XX,1057,16395,86340,7154782,2,22,75,156,133,143,99,81,43,70,35,8
5835547,Gwest,DE,1056,88613,34800,48641149,2,27,98,188,147,128,99,87,41,79,24,7
2245318,hrmszn,JP,1056,88033,80760,42955971,2,28,93,161,152,130,98,84,46,66,23,8
2662491,kommander,DE,1056,55408,78720,37843606,2,20,78,167,149,126,98,87,39,66,32,7
2720918,nbsp28,CZ,1056,39316,24900,19649980,2,21,78,150,146,122,100,80,46,135,23,8
11738148,dali,RU,1056,34604,26340,13154223,2,21,70,173,144,134,97,87,45,78,25,7
21708190,RoyaLKoninA,CH,1056,4673,79260,4150900,1,17,50,126,134,118,94,72,45,39,15,10
6328769,sydney,KR,1055,58457,28260,34411666,2,17,65,158,136,125,99,86,39,77,29,8
11086852,mhelfen,US,1055,57926,28320,18972742,2,21,73,165,146,134,98,85,43,57,27,6
1728040,newbie,SI,1055,11672,4980,5799055,2,18,57,155,140,129,98,85,50,65,18,10
1051220,MaxHero,UA,1054,116150,26040,97468409,2,20,68,141,143,120,99,85,43,95,34,8
1173763,Andrii and Viktoriia,UA,1054,136532,38280,77021808,1,19,74,173,133,121,99,82,40,78,23,8
2422578,Pepper,TW,1054,95726,4080,64499974,1,17,73,173,146,134,98,83,51,72,32,8
1140820,F. Hellig,DE,1053,153863,7740,77126007,2,19,76,186,149,136,98,82,28,76,25,7
8230392,„É©„ÉÜ„Ç£„Éº,JP,1053,52435,37500,43864138,2,30,101,169,142,131,98,84,41,69,32,8
4697737,Jan Ropuszewicz,PL,1053,58434,6360,20949187,2,27,80,180,156,137,99,82,44,71,29,9
12422736,Kisoru,JP,1053,23802,29220,15629607,2,21,83,173,149,130,98,84,50,88,26,7
1932470,Moon Solo,VN,1053,14763,20340,4987704,2,22,71,193,152,139,95,84,45,42,21,7
5143331,jabajop,PH,1052,51235,22800,25979952,1,11,37,190,148,137,96,83,33,49,15,5
2839470,lovecall,TH,1052,60416,22560,20442117,1,20,75,171,151,134,98,85,45,84,32,7
7288677,b0mba,PL,1052,29887,5220,16513498,1,21,75,182,153,130,98,79,43,63,25,8
4244370,ËÇöÁöÆ‰πãÁ•û,TW,1051,96520,50520,52190797,2,23,89,186,149,125,99,88,53,96,33,7
6571438,notallwanderers,GB,1051,77512,4380,39943753,2,23,79,179,153,139,99,85,46,85,30,7
2389726,Popeye,SI,1051,53374,4620,29372788,1,21,70,164,144,127,98,85,40,65,32,7
1333423,hijohnnyz,US,1051,31834,57900,21242869,1,15,64,177,144,126,97,87,45,68,25,5
4697737,Jan Ropuszewicz,PL,1053,58434,6360,20949187,2,27,80,180,156,137,99,82,44,71,29,9
12422736,Kisoru,JP,1053,23802,29220,15629607,2,21,83,173,149,130,98,84,50,88,26,7
1932470,Moon Solo,VN,1053,14763,20340,4987704,2,22,71,193,152,139,95,84,45,42,21,7
5143331,jabajop,PH,1052,51235,22800,25979952,1,11,37,190,148,137,96,83,33,49,15,5
2839470,lovecall,TH,1052,60416,22560,20442117,1,20,75,171,151,134,98,85,45,84,32,7
7288677,b0mba,PL,1052,29887,5220,16513498,1,21,75,182,153,130,98,79,43,63,25,8
4244370,ËÇöÁöÆ‰πãÁ•û,TW,1051,96520,50520,52190797,2,23,89,186,149,125,99,88,53,96,33,7
6571438,notallwanderers,GB,1051,77512,4380,39943753,2,23,79,179,153,139,99,85,46,85,30,7
2389726,Popeye,SI,1051,53374,4620,29372788,1,21,70,164,144,127,98,85,40,65,32,7
1333423,hijohnnyz,US,1051,31834,57900,21242869,1,15,64,177,144,126,97,87,45,68,25,5
4697737,Jan Ropuszewicz,PL,1053,58434,6360,20949187,2,27,80,180,156,137,99,82,44,71,29,9
12422736,Kisoru,JP,1053,23802,29220,15629607,2,21,83,173,149,130,98,84,50,88,26,7
1932470,Moon Solo,VN,1053,14763,20340,4987704,2,22,71,193,152,139,95,84,45,42,21,7
5143331,jabajop,PH,1052,51235,22800,25979952,1,11,37,190,148,137,96,83,33,49,15,5
2839470,lovecall,TH,1052,60416,22560,20442117,1,20,75,171,151,134,98,85,45,84,32,7
7288677,b0mba,PL,1052,29887,5220,16513498,1,21,75,182,153,130,98,79,43,63,25,8
4244370,ËÇöÁöÆ‰πãÁ•û,TW,1051,96520,50520,52190797,2,23,89,186,149,125,99,88,53,96,33,7
6571438,notallwanderers,GB,1051,77512,4380,39943753,2,23,79,179,153,139,99,85,46,85,30,7
2389726,Popeye,SI,1051,53374,4620,29372788,1,21,70,164,144,127,98,85,40,65,32,7
1333423,hijohnnyz,US,1051,31834,57900,21242869,1,15,64,177,144,126,97,87,45,68,25,5
10360649,‚Ñ≠ùîûùî©ùî†ùî¨ùî§ùî¢ùî´,JP,1047,38994,35940,13823182,1,16,64,167,145,122,96,81,43,69,23,8
10387373,Dravenik,RU,1047,31434,30420,12006458,1,20,62,186,144,132,98,84,34,59,28,6
17673640,Saladbar,US,1047,9556,25980,8115047,2,21,67,165,131,132,97,86,44,58,22,6
3639178,akim,JP,1046,196110,39960,100239434,3,36,129,185,151,137,100,84,45,117,26,9
517521,Chooacha üçã,BG,1046,60030,23760,39131168,1,15,56,175,134,118,97,84,36,70,30,7
13015616,lee ung,KR,1046,71704,4680,26571896,2,20,75,171,149,137,97,87,47,77,27,6
3065309,reidic,US,1046,37904,22140,19316118,2,21,74,158,145,138,99,84,42,98,25,7
11878015,cadian94,IT,1046,38280,62760,16528465,2,23,74,187,152,130,99,81,44,79,25,7
14234146,python3,JP,1046,35220,25020,15865392,1,20,73,175,155,135,98,89,44,82,29,8
19343605,Survivor,US,1046,52712,26820,15734143,2,24,86,158,137,127,100,85,45,110,33,8
5117024,ÏñëÏäπÎ™®,KR,1046,30899,4140,12765690,2,20,74,192,147,130,98,82,39,53,47,7
2981317,KharadBanar,AT,1046,28009,21300,11320326,2,20,65,174,144,131,98,77,34,63,22,10
5397092,Night Light,IN,1046,36805,32460,8722991,1,19,65,167,138,125,98,88,47,62,27,6
4783183,Stanno,NL,1046,15143,50940,8254307,2,21,75,153,129,127,97,89,47,53,33,7
2377003,John Bowman,US,1046,9377,26160,6884200,2,22,72,134,131,126,99,89,47,62,23,7
5260530,p1hannnnnnnnnnnnn,XX,1045,305280,14880,63225534,1,11,45,200,155,132,100,88,50,116,33,8
4272377,V√¥ Th∆∞·ªùng,VN,1045,74313,29520,45441890,2,22,91,162,145,130,99,80,44,82,25,6
2879327,Budiel,ES,1045,34538,8160,26868936,2,25,100,190,147,137,99,84,44,73,31,9
10828133,Matte_,IT,1045,13989,27240,14973149,2,24,73,183,136,134,98,81,38,52,27,8
1799628,flask,RU,1045,24543,33180,14074171,2,22,73,163,138,120,97,82,42,62,22,8
1779238,Mauro Espinoza,MX,1045,19032,31500,11411787,2,19,63,142,126,122,93,74,39,43,15,8
560103,Agrajag,NO,1045,47426,18000,9725144,2,19,64,162,132,119,99,90,47,74,29,8
5406026,qpalxm,CN,1045,22700,46740,6191521,1,27,84,164,151,139,97,78,51,62,19,7
4238080,fightingÌûòÎÇ¥ ~  Evil NG @ Ac ‚ô°,KR,1044,75955,5100,65391598,1,18,75,158,140,125,97,81,38,72,22,6
374678,executŒªble,RU,1044,56975,3900,21447613,1,17,67,206,144,136,100,86,41,113,24,7
12855761,Stefan4024,US,1044,47448,57540,20696884,1,22,75,186,157,137,97,79,33,70,17,7
7807480,Mammutfaze,DE,1044,17096,21360,13530023,2,18,61,167,132,118,98,83,42,59,24,7
3959815,sus,NL,1044,34056,3900,13499598,0,11,48,192,149,134,97,84,37,80,20,7
5200369,xd123,HK,1044,43444,5460,11108523,1,15,55,186,152,133,93,77,38,53,26,9
8807090,cyaegha,JP,1044,18233,29100,9745383,1,27,81,160,144,132,100,86,44,104,25,8
11630889,JonJonH,US,1044,10908,17760,5195828,1,13,47,133,138,125,97,75,41,74,16,8
9556477,Zinsch,AT,1044,13197,29280,4733729,2,28,89,154,142,130,99,89,53,93,24,8
2024752,–¢–µ—Ç—è–Ω–∞üåªüçâ,UA,1043,178408,69480,126669028,2,25,87,200,144,126,97,80,35,62,36,6
14091428,Kryptonit,SE,1043,60985,22320,40538067,1,23,76,150,148,120,99,85,39,75,24,6
4938584,ASTRAIOS,AU,1043,19505,23700,11921621,1,14,61,153,128,122,98,88,40,88,24,6
18525952,steph7892,FR,1043,28143,74220,10477573,1,15,70,154,135,128,97,87,41,71,26,7
520544,AndreyS,RU,1043,18393,6600,9317903,2,22,79,150,149,136,95,82,39,50,21,10
3639388,Lillian0410,TW,1042,102138,21420,34554412,1,18,63,156,144,127,99,83,39,84,24,7
10466299,...me...,ES,1042,34951,4200,19941768,1,19,76,159,152,136,97,84,38,63,28,7
10500210,Hex xix,MK,1042,22820,5340,9687321,2,22,67,138,133,121,99,86,44,88,41,6
3434361,Jasmundo,PL,1041,49416,47700,24347332,2,19,63,167,139,130,99,85,37,90,23,7
8146485,Cachow,SG,1041,200743,3780,18013638,0,13,54,243,174,135,99,86,25,93,29,8
4229249,Sarinha,PT,1041,31238,43200,17113300,2,21,72,154,139,123,97,84,45,72,21,7
6157022,sakana0fish,SI,1041,50399,26340,15411527,2,22,72,177,143,126,100,83,40,104,23,8
3908232,HappySquid,CH,1041,87036,4620,12902897,1,18,63,173,143,123,99,87,40,79,28,7
7324754,Avatron,RS,1041,27030,43080,9265330,2,27,104,153,148,136,98,87,48,63,21,8
3725138,Courier,CN,1041,14877,5220,8488864,2,20,72,175,145,140,95,81,53,66,26,16
16814782,h1ru,JP,1041,19048,32700,4292539,1,15,61,182,158,142,97,84,45,66,23,6
2799179,Alberto 2020,AR,1040,132126,65100,72345316,2,35,117,144,148,127,98,84,42,80,33,10
2412642,„ÅÑ„Å°„Åø„Çì,JP,1040,145320,49740,70670908,1,23,104,156,150,134,98,81,38,69,23,8
2728221,Gadget,GB,1040,46272,3780,24912578,0,9,33,210,189,146,96,81,29,58,22,5
5430231,lim38,FR,1040,42233,25860,23194461,1,17,69,162,141,130,97,81,36,63,17,7
2844969,Razzia7,US,1039,25374,30900,12365867,2,19,61,153,136,120,98,80,39,78,32,7
5803030,ApocalypsePony,RU,1039,23260,4680,10181482,1,18,55,183,136,127,97,88,31,69,27,6
4792657,Pavel Melichar,CZ,1038,21798,4020,9965809,1,17,66,167,142,125,99,91,31,91,26,6
6575748,Silverbird,KR,1038,23188,5040,7189175,1,20,71,179,162,132,97,76,42,57,29,9
11613238,Seforo,US,1038,12863,37380,5014653,2,22,70,150,149,133,97,85,44,60,24,6
8679391,Kqn,VN,1037,72109,24240,38168061,1,21,77,188,148,131,99,84,43,72,31,8
10776455,„Åô„Åë„Åç„Çà,JP,1037,145659,46740,32475935,3,35,135,179,157,141,99,84,53,87,25,9
14386529,Demineur,GB,1037,38730,23640,26014424,1,25,83,163,142,127,99,83,39,96,25,8
1172860,–ö–∞–º–±–∞—Ä,KZ,1037,33192,35040,20038438,2,18,64,163,144,128,97,88,41,79,22,6
3004472,Slowpoke Sapper,RU,1037,34656,26280,18968195,2,23,78,150,133,127,98,84,40,60,25,7
11274135,HoerfFung,TW,1037,27228,35160,7607819,2,22,82,176,155,130,97,87,41,68,29,8
7334740,Boblarazzi,XX,1037,6663,35520,4843430,3,21,66,138,133,118,95,79,43,38,26,8
6379498,5unfl0w3r,DE,1036,69607,34740,37317434,1,22,82,175,145,128,97,85,42,67,30,9
14945175,Kenvii,US,1036,54089,23040,35480720,1,16,57,200,151,133,94,78,32,68,21,7
8290265,Alastor_,IT,1036,50563,5340,34749567,2,22,77,179,141,121,97,83,39,70,21,7
3874141,sweeper3874141,CN,1036,42226,84000,25523607,2,25,82,193,147,125,99,79,44,85,24,6
3302564,dsvitnev,RU,1036,12974,26400,18503177,1,19,61,115,109,109,92,77,44,40,17,8
5835237,12345678xp,AU,1036,24659,29160,12345678,2,21,94,160,150,135,98,85,40,59,25,8
7471964,Marcos Leong,SG,1036,29102,5280,10587640,1,22,73,154,136,121,100,86,48,107,20,7
8350627,Anonymaus,DE,1036,25675,60180,6133546,3,35,115,167,163,131,99,87,50,74,27,10
14093364,xnp,NO,1036,10970,23280,5654473,2,17,60,165,147,127,96,83,45,42,22,7
2307443,hlaga,RU,1036,11240,72660,5231697,3,24,72,158,129,126,95,74,44,43,18,7
7100925,Â∞èÈöäÈï∑,JP,1035,21598,37080,17100444,2,20,73,150,133,125,97,78,42,79,16,7
6904077,hieubeng,VN,1035,38369,16620,16395099,1,15,55,182,147,137,97,79,49,62,16,6
6523384,TomM,DE,1035,17819,45180,12802627,2,24,80,154,132,125,97,82,45,80,23,7
2726645,Joseph Wu,TW,1035,20959,32580,7017950,1,17,65,155,138,137,98,79,35,70,22,8
3487668,AlexBer,RU,1034,77210,4920,47534817,2,19,77,176,148,133,96,82,33,64,25,7
3350634,sora,JP,1034,40192,21720,32964138,1,20,74,170,133,120,98,79,37,75,25,6
1892667,Vidar,DE,1034,53172,42840,31640439,1,19,69,160,145,126,99,77,33,75,21,8
6461892,ReNoma „Çå„ÅÆ„Åæ,JP,1034,33466,43020,15316992,2,24,94,184,148,133,99,86,41,68,22,9
2405734,Jess,DE,1034,34529,29880,12842836,2,23,79,163,151,128,99,83,45,85,33,7
3796513,Yafi A H,ID,1034,31737,36720,11793656,1,17,66,153,135,129,97,75,38,62,17,7
11116420,sduifhuidsf,DE,1034,26371,16800,7009985,1,16,55,155,138,114,99,85,41,68,22,6
6287939,blasphemiann,US,1034,13376,82620,5386678,2,21,71,159,138,125,97,81,41,66,22,9
2824810,Suppenkasper,DE,1033,206213,38040,74379537,2,31,113,170,145,123,99,85,37,79,26,8
3560412,Fybita,DE,1033,217866,3900,42266632,2,19,73,171,140,121,99,83,40,86,26,8
11689006,J.J.,MK,1033,61756,27420,30059588,2,23,77,150,136,120,98,80,42,70,22,6
9315916,balaur,RU,1033,28746,51480,24812199,2,24,83,165,151,132,98,84,38,70,19,7
4881416,Lian,KZ,1033,38822,4440,23358110,1,20,74,162,139,127,97,84,42,61,25,6
13217927,ntew,CN,1033,44977,78420,20090303,3,31,111,200,161,144,97,81,43,50,28,7
5790231,Quore,JP,1033,23808,28560,16070726,3,24,74,160,141,130,95,77,42,57,15,7
221900,lemon,JP,1033,12132,40920,12019602,2,21,75,169,144,135,97,74,37,52,16,7
14092903,Lucas Pena,BR,1033,18793,34860,11507301,1,10,45,200,150,127,97,74,34,49,19,5
2088077,stephenrau,US,1032,48841,86220,27492361,2,24,90,190,146,132,96,84,54,52,30,6
8553064,Schmiddlon,DE,1032,49589,32160,27049850,2,19,68,150,142,122,98,85,37,79,26,6
3042126,pbm64,DE,1032,94749,24720,25282936,2,21,78,175,144,126,98,84,45,83,28,6
3695276,Frustrato_Potato,DE,1032,26233,27660,10609385,2,19,68,162,131,129,98,90,45,84,21,6
5754020,–≤—Å–Ω—Ñ,BY,1031,110516,57300,49856187,2,28,117,175,142,122,98,83,49,74,25,9
4881416,Lian,KZ,1033,38822,4440,23358110,1,20,74,162,139,127,97,84,42,61,25,6
13217927,ntew,CN,1033,44977,78420,20090303,3,31,111,200,161,144,97,81,43,50,28,7
5790231,Quore,JP,1033,23808,28560,16070726,3,24,74,160,141,130,95,77,42,57,15,7
221900,lemon,JP,1033,12132,40920,12019602,2,21,75,169,144,135,97,74,37,52,16,7
14092903,Lucas Pena,BR,1033,18793,34860,11507301,1,10,45,200,150,127,97,74,34,49,19,5
2088077,stephenrau,US,1032,48841,86220,27492361,2,24,90,190,146,132,96,84,54,52,30,6
8553064,Schmiddlon,DE,1032,49589,32160,27049850,2,19,68,150,142,122,98,85,37,79,26,6
3042126,pbm64,DE,1032,94749,24720,25282936,2,21,78,175,144,126,98,84,45,83,28,6
3695276,Frustrato_Potato,DE,1032,26233,27660,10609385,2,19,68,162,131,129,98,90,45,84,21,6
5754020,–≤—Å–Ω—Ñ,BY,1031,110516,57300,49856187,2,28,117,175,142,122,98,83,49,74,25,9
4881416,Lian,KZ,1033,38822,4440,23358110,1,20,74,162,139,127,97,84,42,61,25,6
13217927,ntew,CN,1033,44977,78420,20090303,3,31,111,200,161,144,97,81,43,50,28,7
5790231,Quore,JP,1033,23808,28560,16070726,3,24,74,160,141,130,95,77,42,57,15,7
221900,lemon,JP,1033,12132,40920,12019602,2,21,75,169,144,135,97,74,37,52,16,7
14092903,Lucas Pena,BR,1033,18793,34860,11507301,1,10,45,200,150,127,97,74,34,49,19,5
2088077,stephenrau,US,1032,48841,86220,27492361,2,24,90,190,146,132,96,84,54,52,30,6
8553064,Schmiddlon,DE,1032,49589,32160,27049850,2,19,68,150,142,122,98,85,37,79,26,6
3042126,pbm64,DE,1032,94749,24720,25282936,2,21,78,175,144,126,98,84,45,83,28,6
3695276,Frustrato_Potato,DE,1032,26233,27660,10609385,2,19,68,162,131,129,98,90,45,84,21,6
5754020,–≤—Å–Ω—Ñ,BY,1031,110516,57300,49856187,2,28,117,175,142,122,98,83,49,74,25,9
8111946,Aniridia,RU,1027,30500,18120,31689526,2,19,70,146,131,118,96,82,33,58,19,7
7696933,non-sleep,KR,1027,23213,31860,12230153,2,23,76,133,135,119,97,82,45,49,26,7
4879341,Kunero,DE,1027,23920,4680,8264795,2,24,88,177,151,140,98,85,53,81,23,6
5722600,K√∂nigskraut,RU,1026,34650,84360,14907136,2,21,85,140,138,120,98,78,39,54,22,9
5819384,Albert123,GB,1026,26145,4260,7963037,2,23,75,167,141,126,98,88,43,83,34,7
6770650,Kowe Musowedo,UA,1025,74193,6240,41893215,3,31,107,157,145,126,97,80,37,80,24,9
15485839,G. M.,CN,1025,14317,71940,8153846,1,18,71,156,139,132,96,77,45,53,15,5
12558112,Salamander99,CA,1025,6637,54600,3775944,2,19,65,167,136,121,98,88,33,64,27,8
3192276,ÊØçË±¨‰∏äÂ∞á‚ÅÇ,TW,1024,42433,31920,20354855,2,25,74,160,141,128,97,83,36,66,22,6
2992755,fattywhale,US,1024,36916,4620,14267202,1,22,78,175,146,124,98,84,39,59,21,8
5391709,–í–ª–∞–¥–∏–º–∏—Ä –õ—É–∫—å—è–Ω—á–∏–∫–æ–≤,RU,1024,24258,34260,13867857,1,23,75,154,137,128,95,89,38,47,25,8
2353384,YSK,TR,1023,103399,39480,47348354,1,25,91,200,145,130,98,79,42,73,22,7
9171838,Shug,FR,1023,68037,5100,32038055,2,26,95,187,153,133,98,84,44,82,24,8
2777070,chonduhvan,KZ,1023,77540,85440,28531597,2,26,88,167,150,128,98,83,39,74,29,6
7988832,Ryou,PH,1023,40405,67260,12284321,1,13,55,167,140,130,98,79,37,66,24,8
2776738,platinum castle,JP,1022,97874,27660,37266503,2,28,102,184,147,131,98,85,41,83,24,9
11039749,Heir Of Isildur,ZA,1022,66141,29220,24770808,1,22,74,158,147,128,98,85,36,65,34,5
1839675,Ascarz,DE,1022,20097,27600,9538466,2,19,64,145,142,126,98,74,38,76,17,6
6124547,1764,CZ,1022,14927,20700,8169831,2,20,65,147,132,130,99,73,34,86,21,6
7569883,itsTurbo,SG,1022,15475,36060,5394961,2,22,76,167,145,133,99,86,43,61,18,9
15321825,Ariana_Gu,CN,1022,6478,5880,3850190,3,26,79,133,132,134,95,68,42,42,12,8
5499642,S Shi,JP,1021,49540,37260,33218893,1,25,87,153,152,127,98,78,37,69,21,7
7686891,Reor,RU,1021,52630,6840,27368568,2,27,113,177,143,135,96,87,41,67,23,7
9120890,BubblyBubbles,US,1021,37159,40500,17174694,3,27,98,146,138,124,100,86,38,124,26,8
4090127,Misaki Fujioka,ES,1021,17670,40560,5845528,2,22,76,159,141,131,99,79,46,78,20,6
2169528,coco,HK,1020,315984,34380,77681574,2,27,106,172,155,133,99,89,44,96,33,9
2248442,Aer0naut,HU,1020,84524,7320,57308970,1,21,92,182,147,135,97,83,35,55,22,7
11982539,operator_semigroup,SE,1020,30838,27300,14599767,2,25,86,162,144,128,99,83,41,89,22,7
5264995,Waphy,FR,1020,25870,7140,9995938,1,16,66,168,147,124,98,74,36,80,24,9
8380402,ColourfulZebra45,CA,1020,40205,36240,8636760,2,25,80,160,127,123,98,85,43,64,29,7
8763837,8763837,JP,1019,50631,76320,39762095,3,30,109,186,143,122,97,84,41,82,22,8
3017198,Ste86,IT,1019,74054,28500,30884902,1,22,78,175,133,118,98,84,34,65,26,7
2477484,Maui,DE,1019,45269,36300,28006027,2,23,85,163,140,128,98,76,36,61,21,7
1537353,Crag Hack,DE,1019,15479,11940,15238404,1,21,65,127,138,122,96,76,37,61,19,8
2340295,Subnatural,XX,1019,28132,37380,11975763,2,24,70,140,133,122,98,89,44,72,26,8
5801306,RudPro,US,1019,36607,40620,11931000,2,22,80,164,141,133,99,87,42,63,31,7
14202663,PastaLover,US,1019,30954,38700,8147227,2,28,81,171,141,122,100,90,48,101,27,6
21866581,gnemi,US,1019,9119,40860,3358960,2,27,90,170,140,129,97,89,47,46,20,8
481286,cancer_zodiac,SI,1018,203181,5280,87355180,1,25,92,170,138,129,99,86,36,90,27,7
1822198,Mannerless guy,KR,1018,46281,17820,46188919,1,9,33,164,141,119,97,82,29,63,19,7
1306958,Evan Moss,US,1018,70402,39420,32339100,1,15,58,177,153,135,99,83,36,98,21,6
19273271,marmine,JP,1018,25771,27840,18300680,2,21,75,150,145,128,99,80,36,76,25,5
5793763,YULaughAtMe,TW,1018,42461,47700,18147431,2,22,86,162,144,134,99,85,46,92,28,7
16518935,wiiewiie,TW,1018,39840,48600,17374930,2,29,112,182,158,132,98,81,38,69,22,10
4204950,Wyndoc,RU,1018,41981,62700,16793529,2,24,84,147,131,123,99,87,38,76,30,7
2399132,Anuar,KZ,1018,40061,24720,15844415,2,23,79,155,144,127,97,79,43,73,19,7
5311219,Vaness,RU,1018,26837,30180,14226017,3,25,85,140,140,121,98,80,37,75,27,7
5516841,jobu92,SK,1018,23651,22020,8103102,2,21,70,174,138,128,93,76,38,44,18,7
1104134,pupupa,KR,1018,23765,22920,6308916,2,19,70,157,135,127,99,85,41,82,18,6
2487266,üå∏Â§¢üí£27Ôºà81),JP,1017,103500,5160,46810476,2,23,75,144,141,126,99,88,44,81,33,8
2323971,maldiniUA,UA,1017,91204,73740,33071931,2,24,88,160,141,123,99,88,50,84,32,7
17708938,Caribie,KR,1017,16482,39000,16778277,2,19,59,143,147,133,96,81,39,61,16,7
8144205,Daep,ID,1017,37366,55200,15206747,1,12,50,187,155,138,96,65,34,62,21,5
2869353,Fenton,US,1017,20531,46740,14030150,1,13,58,150,135,118,98,81,37,54,25,6
2309150,Atos,VA,1016,81498,79980,33234756,2,22,82,162,137,114,99,90,43,87,27,8
1821717,lelexixi,CN,1016,55722,4260,26472855,2,20,68,136,143,130,93,82,38,52,15,7
17152914,termast,KR,1016,34675,48240,23929512,4,29,111,188,144,131,96,83,45,58,37,8
5449696,·µñ·µí·µñ‚Å±,RS,1016,39724,57480,13381933,1,17,57,194,151,129,97,85,37,54,27,6
14763658,lazydays,JP,1016,35696,49200,11727130,2,26,92,175,147,134,99,82,47,79,20,6
8605689,Ï†ïÌòúÎ¶º,KR,1016,14417,26160,8825963,2,23,75,146,135,118,94,81,39,40,26,7
14215387,yyhf,CN,1016,12447,22620,8517945,1,12,46,180,145,134,97,76,40,61,14,6
7711519,aspargus,EE,1016,39706,40980,6400856,2,31,102,215,162,132,98,83,47,64,26,7
7139014,–ë—É–±–ª–∏–∫,RU,1015,7692,28680,6077094,3,25,81,136,139,122,94,78,40,30,20,7
10002817,lifeline,CA,1015,8377,48480,4116083,2,21,63,175,143,133,95,80,39,51,18,6
863144,Zyn,DZ,1014,126463,17940,71882942,1,16,56,188,151,130,100,84,48,113,21,10
3084842,Ispod,HR,1014,77048,42540,42895759,1,21,71,157,141,123,99,76,38,58,18,6
4811884,svan44,RU,1014,65535,51840,38324350,3,30,109,164,145,129,94,78,44,57,25,7
16651079,onion,CN,1014,18631,3660,11539444,2,19,68,144,136,122,97,84,39,54,25,6
5299997,Jarn4c,BE,1014,26606,21540,10720688,2,21,72,180,152,131,98,85,38,53,30,6
12796344,HAKFOO,CN,1014,18797,31680,7669530,2,22,78,133,139,129,98,85,44,76,21,9
13206184,üå∑Amy üíï,GB,1014,12494,23940,4755555,2,27,76,143,148,126,96,75,39,41,15,6
7682111,poemnews,US,1014,11774,40920,4509128,2,23,76,156,131,120,97,78,38,50,15,8
2538351,Natadecoco,JP,1013,72154,6540,25687110,2,24,74,171,141,130,99,88,35,86,28,6
7998443,‚òòv1836731‚òò,GR,1013,41191,24900,11815502,2,24,83,144,142,126,98,81,39,73,27,6
1662079,sjx,FI,1013,39663,30960,11045986,1,18,76,173,132,121,98,74,40,65,14,7
2027578,Kappa 73,LT,1013,13612,31200,8889383,1,20,63,135,132,120,97,72,46,63,13,6
1642846,ÂñµÂß¨:3,TW,1013,7718,15000,6434658,2,17,53,162,128,123,97,79,33,50,19,5
13640714,heero324,JP,1005,16509,15660,6342610,2,20,65,171,143,134,97,80,37,63,17,5
18700834,iBAlu,RU,1013,27910,34740,4050316,2,26,84,152,135,137,99,90,41,71,44,7
2445613,Schatzi,DE,1012,58914,7560,41619134,4,33,115,153,148,126,97,82,49,66,34,9
10746810,Gabriel ;),RO,1012,108148,6540,29836361,0,13,72,208,162,135,97,78,35,70,31,6
3582799,NichtGersti,DE,1012,69005,5940,18303369,2,24,79,157,152,127,98,81,36,72,25,7
5840430,zinzyk,NO,1012,40098,43140,13498017,1,15,58,178,139,133,97,81,37,61,20,7
5910073,Riluna,US,1012,33804,22980,13280582,1,21,81,168,137,124,98,85,40,69,25,6
2095542,Staller,UA,1012,23503,48900,8651491,2,28,106,170,135,131,97,83,35,64,27,10
11032520,vl.h.a,BY,1012,18270,6300,6882561,2,24,85,159,139,119,94,90,38,46,34,8
4316311,A.F.,FR,1012,14513,29100,4327110,1,22,61,143,134,124,97,77,33,48,17,8
3679719,-Yell-,UA,1011,81062,66180,31209371,2,28,100,200,144,133,99,83,36,81,24,7
5820995,dazedx,US,1011,25384,8820,19124845,2,18,72,138,142,123,97,83,38,71,29,6
2092063,Dr. Robotnik,GB,1011,16943,42600,11260969,1,24,79,157,143,126,96,78,38,50,21,6
11073299,Juuso3000,FI,1011,59433,35340,11233765,2,20,71,160,145,133,100,79,31,110,27,6
11423600,„Å®„Çç„Çç,JP,1011,19695,28560,9718752,2,22,70,163,135,124,99,82,42,88,18,7
1221312,Mikko,FI,1011,18766,22560,8854068,1,21,68,171,139,117,95,72,38,58,22,6
2862140,Â¶ñÂøµÂøµ,CN,1011,11171,34080,7040806,3,24,75,150,148,132,97,85,32,58,18,5
5244792,Lingvi,CZ,1010,65421,64080,29297712,2,24,101,153,143,118,98,88,38,85,25,7
9766578,bsmilek,KR,1010,20717,8100,10784243,2,19,74,188,137,126,89,76,43,42,16,7
7389969,bgrm,PL,1010,27036,80460,6090597,1,21,75,160,138,122,97,83,43,74,21,7
3647470,Anonymous3647470,XX,1009,106763,4200,50724054,1,17,73,200,173,140,98,86,37,78,26,7
9348509,moonlight57,JP,1009,19296,27120,10316913,2,26,87,139,141,124,98,86,41,91,23,6
6425889,Denzera,UA,1009,16399,80580,8052121,3,28,91,167,140,127,95,82,39,64,27,8
11073299,Juuso3000,FI,1011,59433,35340,11233765,2,20,71,160,145,133,100,79,31,110,27,6
11423600,„Å®„Çç„Çç,JP,1011,19695,28560,9718752,2,22,70,163,135,124,99,82,42,88,18,7
1221312,Mikko,FI,1011,18766,22560,8854068,1,21,68,171,139,117,95,72,38,58,22,6
2862140,Â¶ñÂøµÂøµ,CN,1011,11171,34080,7040806,3,24,75,150,148,132,97,85,32,58,18,5
5244792,Lingvi,CZ,1010,65421,64080,29297712,2,24,101,153,143,118,98,88,38,85,25,7
9766578,bsmilek,KR,1010,20717,8100,10784243,2,19,74,188,137,126,89,76,43,42,16,7
7389969,bgrm,PL,1010,27036,80460,6090597,1,21,75,160,138,122,97,83,43,74,21,7
3647470,Anonymous3647470,XX,1009,106763,4200,50724054,1,17,73,200,173,140,98,86,37,78,26,7
9348509,moonlight57,JP,1009,19296,27120,10316913,2,26,87,139,141,124,98,86,41,91,23,6
6425889,Denzera,UA,1009,16399,80580,8052121,3,28,91,167,140,127,95,82,39,64,27,8
11073299,Juuso3000,FI,1011,59433,35340,11233765,2,20,71,160,145,133,100,79,31,110,27,6
11423600,„Å®„Çç„Çç,JP,1011,19695,28560,9718752,2,22,70,163,135,124,99,82,42,88,18,7
1221312,Mikko,FI,1011,18766,22560,8854068,1,21,68,171,139,117,95,72,38,58,22,6
2862140,Â¶ñÂøµÂøµ,CN,1011,11171,34080,7040806,3,24,75,150,148,132,97,85,32,58,18,5
5244792,Lingvi,CZ,1010,65421,64080,29297712,2,24,101,153,143,118,98,88,38,85,25,7
9766578,bsmilek,KR,1010,20717,8100,10784243,2,19,74,188,137,126,89,76,43,42,16,7
7389969,bgrm,PL,1010,27036,80460,6090597,1,21,75,160,138,122,97,83,43,74,21,7
3647470,Anonymous3647470,XX,1009,106763,4200,50724054,1,17,73,200,173,140,98,86,37,78,26,7
9348509,moonlight57,JP,1009,19296,27120,10316913,2,26,87,139,141,124,98,86,41,91,23,6
6425889,Denzera,UA,1009,16399,80580,8052121,3,28,91,167,140,127,95,82,39,64,27,8
11073299,Juuso3000,FI,1011,59433,35340,11233765,2,20,71,160,145,133,100,79,31,110,27,6
11423600,„Å®„Çç„Çç,JP,1011,19695,28560,9718752,2,22,70,163,135,124,99,82,42,88,18,7
1221312,Mikko,FI,1011,18766,22560,8854068,1,21,68,171,139,117,95,72,38,58,22,6
2862140,Â¶ñÂøµÂøµ,CN,1011,11171,34080,7040806,3,24,75,150,148,132,97,85,32,58,18,5
5244792,Lingvi,CZ,1010,65421,64080,29297712,2,24,101,153,143,118,98,88,38,85,25,7
9766578,bsmilek,KR,1010,20717,8100,10784243,2,19,74,188,137,126,89,76,43,42,16,7
7389969,bgrm,PL,1010,27036,80460,6090597,1,21,75,160,138,122,97,83,43,74,21,7
3647470,Anonymous3647470,XX,1009,106763,4200,50724054,1,17,73,200,173,140,98,86,37,78,26,7
9348509,moonlight57,JP,1009,19296,27120,10316913,2,26,87,139,141,124,98,86,41,91,23,6
6425889,Denzera,UA,1009,16399,80580,8052121,3,28,91,167,140,127,95,82,39,64,27,8
5829648,ChainChomsky,US,1005,38901,34800,15122606,2,17,61,154,132,122,97,84,42,69,26,7
6563105,Rearnelüå±,FR,1005,23296,30660,6041616,2,23,95,164,145,126,98,84,37,71,25,8
10135748,DaveTheEpic04,GB,1005,18749,37200,5588242,2,26,77,167,136,124,98,81,41,69,20,6
7556310,lvkaiyi0811,CN,1005,12799,3840,5102514,1,19,58,158,160,139,94,77,35,55,19,6
10715990,The1AndOnly6030,GS,1005,14855,22560,4177014,2,16,58,173,141,127,97,86,42,67,34,7
4734996,Zmando,US,1004,18812,32580,7240767,3,31,111,138,126,121,98,84,51,78,25,7
1407126,Not Anon,UA,1004,14886,27240,7101453,2,17,64,171,135,120,99,71,38,82,16,6
14424449,testuser456,DE,1004,11874,80640,4621979,2,26,86,163,140,123,97,81,40,57,22,8
5680423,WZC,CN,1004,20052,19140,3591089,1,13,52,194,154,134,98,86,45,54,23,6
1750751,–í–ª–∞–¥–∏–º–∏—Ä 57,RU,1003,166122,7740,88980185,3,32,115,177,143,123,98,81,36,79,25,8
4920763,KvonB,BE,1003,21585,6720,13538958,3,30,104,164,135,120,98,81,41,63,17,9
5812906,ben.titera,US,1003,12504,4560,5131889,2,21,71,144,131,115,96,82,39,64,24,8
7174705,shadowoof,CA,1003,21429,4740,3994480,1,18,64,193,154,136,98,79,40,57,17,7
1198431,nobrubzh,FR,1002,65321,29460,41276592,2,24,81,131,143,119,98,87,42,68,25,7
3475597,Kolmogorov,CN,1002,47220,17940,34292958,1,16,56,194,162,140,97,85,47,77,27,8
8577301,Seven Levien,CN,1002,38117,5880,14744384,2,20,79,171,148,125,97,86,37,46,35,7
10522063,Baby Ashe,TW,1002,12193,86280,14451968,2,26,80,138,136,116,95,80,37,55,28,7
6447087,Logiikka,FI,1002,24447,4800,13380472,2,18,57,163,133,115,98,82,41,89,23,6
1016247,amadeus829,KP,1002,11228,4320,6693858,1,18,58,164,130,119,96,83,22,51,23,3
3920517,KleineKabouter,NL,1002,18055,4020,3814891,2,21,69,155,142,119,99,79,40,70,17,6
138919,Raca1957,RS,1001,520695,63780,84517019,2,22,89,160,137,124,99,82,30,84,32,6
7014364,Fauskerino,NO,1001,30937,35880,14421631,1,18,55,150,130,125,98,80,36,77,25,6
1118786,Aydƒ±n √áetinba≈ü,TR,1001,17332,85860,12924560,3,29,103,144,153,124,98,85,41,68,23,7
1771729,Ding,TW,1001,18083,31080,11868671,2,25,68,150,135,122,97,61,40,45,13,5
13854124,Ba1l,BY,1001,37340,31200,11279383,2,21,78,167,139,134,97,82,41,78,24,6
9927167,summerwind,TW,1001,34220,42180,11264891,2,26,90,179,146,132,98,84,35,71,31,6
1984459,Poutrata,FR,1001,9192,4980,10031492,3,22,73,133,136,120,91,68,41,33,17,6
1287600,SpookyMeat,JP,1001,6863,22320,4720157,2,17,57,138,137,124,93,76,42,27,16,7
8875990,RKB,JP,1001,16345,53880,4591543,1,19,66,160,140,127,99,82,47,75,23,6
4300392,fogg,US,1001,18976,20640,4454533,1,16,53,175,155,134,98,78,41,73,16,6
15074334,crazytang,TW,1000,62087,35580,32787806,2,21,82,159,146,127,97,79,34,68,22,7
11832898,[KH]ÂàÜÈöäÈï∑,JP,1000,24944,31920,15191212,2,30,83,156,143,128,98,79,42,73,23,6
4972342,dozenprinceli,CN,1000,28194,3660,12169081,1,16,60,150,137,120,96,75,45,56,18,8
20558143,SunCheeZe,BG,1000,24870,33660,9534831,1,15,64,171,149,126,97,75,34,80,24,6
5881455,Alihasanaxe,AU,1000,64369,83460,8114404,2,20,72,183,149,139,98,79,33,82,25,7
5858529,ÂèØ‰πê2332,CN,1000,12539,41340,4834725,3,26,83,148,126,116,98,90,35,80,31,6
18769491,oqwnM,US,1000,5227,76020,4119218,3,28,91,156,135,130,96,81,44,57,17,7
7753057,ElRisko,SK,999,61992,33360,35663156,2,30,107,160,154,125,99,85,37,73,26,8
8356174,Î∞∞Í∞ÄÎö†Îö†,KR,999,56251,5040,32230396,1,24,84,132,137,122,98,85,34,87,27,6
3322984,Larra,RU,999,61236,6240,30723134,2,26,88,150,131,116,95,75,36,62,22,8
4714597,kallikalli,IN,999,43958,76620,24263963,2,24,85,167,139,124,96,74,32,53,14,6
1885933,Andrea Dragotta,IT,999,24990,5340,11598386,1,19,70,150,136,128,96,78,43,48,18,6
4527465,ÍπÄÎçïÎ∞∞,KR,999,23986,24240,8407427,2,22,81,157,141,138,98,76,40,75,20,7
2604048,Á∑†ÈØñÈÆ®,JP,999,25811,28140,7165573,2,23,78,189,148,131,99,85,42,84,36,8
11258586,!HAMI,CN,999,17897,76620,3517538,0,16,60,200,155,136,97,78,37,67,17,5
3553962,chc,JP,998,44204,35640,12940793,1,15,52,200,153,140,99,87,39,84,23,6
5556388,rajacoklat,ID,998,22106,3900,10221238,2,18,70,155,148,125,97,83,39,46,31,6
9201648,cspark,KR,998,31065,5580,8730205,2,27,82,182,143,127,97,79,40,76,25,6
8113872,Tripodocus,CA,998,10621,60420,5348772,2,25,80,153,141,121,98,76,39,59,14,7
8137818,kensho_i,JP,998,14103,36420,4474104,2,27,91,144,140,126,96,81,43,60,22,8
48560,ISMER üè∞‚öîÔ∏èüõ°,RU,997,158673,29460,43830919,1,11,56,183,148,129,96,78,30,53,20,5
5810921,hillsg1,TW,997,80811,7140,41215753,1,24,92,182,168,142,96,69,37,52,23,7
7657257,Yellow B,CZ,997,70246,46560,37537761,2,30,99,167,143,128,99,87,40,82,28,8
13855854,Blue Flower,JP,997,37421,81540,26370066,3,27,104,167,147,129,98,83,47,61,27,8
6951192,Ë±ÜÂ§™ÈÉé,JP,997,47819,10920,19171147,2,24,84,163,148,127,98,85,40,87,26,7
10433181,Mikolos,NL,997,39096,7140,14464948,2,30,92,159,136,121,99,84,42,86,31,6
1891370,drump,JP,997,20050,27180,7454437,2,22,80,150,139,123,98,83,42,69,19,6
3077130,PattuX,DE,997,7795,5640,6019315,2,22,76,173,128,112,98,82,57,73,26,8
19927657,ZythCL,CL,997,6511,29280,5392872,3,30,92,137,138,139,99,80,30,56,31,5
6514453,davechiu1125,TW,997,20457,31080,5015000,2,19,79,189,140,127,97,79,46,47,23,8
7922980,ÍπÄÎèôÏÑ≠,KR,997,13142,32940,4241574,2,25,79,147,144,121,95,81,41,54,20,6
2665959,lodeddiper,CA,997,11593,29340,3752377,2,16,68,157,150,131,97,79,42,53,17,5
17956814,Anonymous17956814,JP,997,11001,52920,3166553,3,27,90,190,145,132,98,81,44,59,26,7
5002379,fridge üåù,KZ,996,42761,4860,20673124,2,19,72,173,142,131,99,77,36,97,29,7
8958769,neznakomk–ê,CX,996,26767,42540,10088649,2,25,98,162,143,126,96,86,39,51,17,6
12373823,astairoid,DE,996,34277,66420,8776316,2,25,94,165,155,136,97,82,49,62,27,8
14094073,Manvill,PL,996,10499,43380,3416332,3,29,81,138,136,114,96,80,48,50,15,8
8025195,Le_Penseur,JP,996,6609,76500,3211894,3,33,107,138,138,121,98,78,46,68,20,8
2816494,ZIIEONG,MO,995,57988,4740,26129759,1,21,78,156,137,117,96,73,34,49,22,7
3841063,Jeice Quintero,AU,995,66896,17640,22732623,1,14,47,188,152,130,97,79,36,66,21,5
13390266,Babar Oudeur,FR,995,61308,29820,19799510,2,24,89,165,143,124,98,82,40,80,25,7
5290023,sanmian,CN,995,20062,33720,13485112,3,23,84,133,141,119,100,79,41,101,15,5
12320378,suama,JP,995,31782,32280,12361127,3,36,104,165,141,133,99,85,42,76,26,6
2569155,Anonymous2569155,RU,995,29581,67020,9892244,2,28,96,162,147,125,99,84,44,88,23,8
571208,CREOM‚öì,RU,995,23126,7320,9571510,2,24,85,170,136,118,98,85,38,63,31,8
11721772,DDTaddict,IT,995,18156,53340,7865190,2,21,70,168,133,111,96,78,37,49,20,7
5050168,Evil_Tempest,PT,995,11417,47220,6213135,3,30,95,156,132,125,96,77,41,60,20,8
8615860,The Sayk,GR,995,30708,4440,5705199,2,21,80,152,138,119,98,92,34,91,25,5
1254755,CJ_Petersen,MC,994,29158,49800,10767372,2,23,77,133,129,119,95,79,39,52,23,8
4028315,Shapibala,UA,994,16495,4980,6679374,2,23,89,186,145,126,98,85,41,53,24,7
13541261,Venusflytrap,SG,994,15250,5880,5801782,1,21,67,140,142,125,97,75,34,48,19,6
8016946,Weyrekt,CZ,994,15813,4440,4985895,1,19,69,169,155,135,95,84,33,44,19,6
5193223,fLOWER Flower,AU,993,84689,4620,53814497,1,20,79,160,137,118,91,76,30,40,16,6
7909367,solfunium,DE,993,20369,82560,6081790,2,21,75,200,145,134,98,87,42,86,17,8
10459469,ÂêçÁÑ°„Åó10459469,JP,993,42688,30300,4187672,1,19,74,190,149,126,98,83,41,61,23,5
6609656,TerseMosquito96,US,993,7186,5580,3605936,2,21,75,156,136,130,97,61,42,66,21,5
5812235,beavr,AU,993,3727,28320,2204707,3,24,75,129,127,115,93,74,53,30,13,7
6886684,Vixen,RU,992,49251,10740,30425460,2,31,94,183,148,133,97,76,35,63,29,7
6042680,Siarheiüåµ,BY,992,61735,7440,27562320,2,29,98,163,143,125,98,87,40,77,22,6
5038502,$$$Millioner$$$,KZ,992,51561,6360,23090434,3,31,114,169,150,132,97,82,37,65,34,6
13541261,Venusflytrap,SG,994,15250,5880,5801782,1,21,67,140,142,125,97,75,34,48,19,6
8016946,Weyrekt,CZ,994,15813,4440,4985895,1,19,69,169,155,135,95,84,33,44,19,6
5193223,fLOWER Flower,AU,993,84689,4620,53814497,1,20,79,160,137,118,91,76,30,40,16,6
7909367,solfunium,DE,993,20369,82560,6081790,2,21,75,200,145,134,98,87,42,86,17,8
10459469,ÂêçÁÑ°„Åó10459469,JP,993,42688,30300,4187672,1,19,74,190,149,126,98,83,41,61,23,5
6609656,TerseMosquito96,US,993,7186,5580,3605936,2,21,75,156,136,130,97,61,42,66,21,5
5812235,beavr,AU,993,3727,28320,2204707,3,24,75,129,127,115,93,74,53,30,13,7
6886684,Vixen,RU,992,49251,10740,30425460,2,31,94,183,148,133,97,76,35,63,29,7
6042680,Siarheiüåµ,BY,992,61735,7440,27562320,2,29,98,163,143,125,98,87,40,77,22,6
5038502,$$$Millioner$$$,KZ,992,51561,6360,23090434,3,31,114,169,150,132,97,82,37,65,34,6
13541261,Venusflytrap,SG,994,15250,5880,5801782,1,21,67,140,142,125,97,75,34,48,19,6
8016946,Weyrekt,CZ,994,15813,4440,4985895,1,19,69,169,155,135,95,84,33,44,19,6
5193223,fLOWER Flower,AU,993,84689,4620,53814497,1,20,79,160,137,118,91,76,30,40,16,6
7909367,solfunium,DE,993,20369,82560,6081790,2,21,75,200,145,134,98,87,42,86,17,8
10459469,ÂêçÁÑ°„Åó10459469,JP,993,42688,30300,4187672,1,19,74,190,149,126,98,83,41,61,23,5
6609656,TerseMosquito96,US,993,7186,5580,3605936,2,21,75,156,136,130,97,61,42,66,21,5
5812235,beavr,AU,993,3727,28320,2204707,3,24,75,129,127,115,93,74,53,30,13,7
6886684,Vixen,RU,992,49251,10740,30425460,2,31,94,183,148,133,97,76,35,63,29,7
6042680,Siarheiüåµ,BY,992,61735,7440,27562320,2,29,98,163,143,125,98,87,40,77,22,6
5038502,$$$Millioner$$$,KZ,992,51561,6360,23090434,3,31,114,169,150,132,97,82,37,65,34,6
13541261,Venusflytrap,SG,994,15250,5880,5801782,1,21,67,140,142,125,97,75,34,48,19,6
8016946,Weyrekt,CZ,994,15813,4440,4985895,1,19,69,169,155,135,95,84,33,44,19,6
5193223,fLOWER Flower,AU,993,84689,4620,53814497,1,20,79,160,137,118,91,76,30,40,16,6
7909367,solfunium,DE,993,20369,82560,6081790,2,21,75,200,145,134,98,87,42,86,17,8
10459469,ÂêçÁÑ°„Åó10459469,JP,993,42688,30300,4187672,1,19,74,190,149,126,98,83,41,61,23,5
6609656,TerseMosquito96,US,993,7186,5580,3605936,2,21,75,156,136,130,97,61,42,66,21,5
5812235,beavr,AU,993,3727,28320,2204707,3,24,75,129,127,115,93,74,53,30,13,7
6886684,Vixen,RU,992,49251,10740,30425460,2,31,94,183,148,133,97,76,35,63,29,7
6042680,Siarheiüåµ,BY,992,61735,7440,27562320,2,29,98,163,143,125,98,87,40,77,22,6
5038502,$$$Millioner$$$,KZ,992,51561,6360,23090434,3,31,114,169,150,132,97,82,37,65,34,6
764661,originofsym,GB,988,31410,26220,13166176,2,17,54,142,136,121,97,83,37,72,22,7
12164331,AWD,AU,988,34117,4740,12187424,2,26,81,147,142,130,97,83,43,59,31,6
1280835,Eric  Chen,TW,988,32540,7380,12109614,2,22,80,183,147,134,100,81,42,128,23,6
2361561,catfish,JP,988,15022,3960,10523858,1,15,69,145,145,128,97,80,35,70,19,5
7572110,TriplePeanut,US,988,31069,36360,8546411,2,22,77,146,146,122,98,85,39,74,26,7
3769693,DIL,UA,987,74337,7320,33823144,3,27,100,183,140,128,95,78,36,45,25,7
10697928,hibah,FR,987,52797,5820,26410955,1,21,87,171,137,123,96,80,33,55,19,9
2136765,ssv,BY,987,24667,16980,17764065,2,22,79,147,138,121,98,82,41,66,30,8
8245744,Wqterme1on,AU,987,35462,5700,7307294,1,18,67,200,160,136,98,88,43,77,28,6
18959119,–¢–∏–ø–û–∫,RU,987,6843,56880,6244489,3,31,98,147,141,120,98,78,46,85,20,6
5644571,pisarik,BY,987,10010,26820,5745003,2,22,72,146,134,124,97,77,40,74,23,6
5584077,Lanigan,DE,986,68976,6360,27449884,2,27,103,164,150,129,98,83,41,77,41,8
2332079,zenimaru,JP,986,55228,36780,27133257,2,25,89,156,137,122,98,82,43,71,22,6
2077172,gic,JP,986,58275,33660,25656396,3,26,92,155,145,124,99,84,33,98,25,7
8938925,Shu_,UA,986,30894,4500,17940474,2,22,90,161,147,129,95,80,32,54,22,6
9376931,Anonymous9376931,DE,986,40553,83160,16534244,2,32,122,153,136,126,98,82,37,66,28,8
13907641,snowtrooper,DE,986,14761,39960,13117896,2,25,79,144,139,120,95,83,33,42,22,5
1011305,gori.sh/aoki/140ÔΩ∫ÔæõÔæÜ,JP,986,32348,3526,10318448,1,13,49,155,143,124,96,76,32,61,14,6
17029859,pinkie pie,US,986,20697,4140,8015099,2,18,59,177,151,131,99,71,35,88,24,6
6709397,jinbei14,JP,986,9201,5340,4952784,3,27,79,148,131,114,95,78,41,54,25,8
10264592,:thonk:,US,986,9039,61140,2683305,2,22,79,165,160,134,96,87,24,56,44,4
17326758,Leomelonseeds,CA,986,6431,42780,2661188,3,23,71,148,131,131,94,75,49,35,23,6
9300413,Minecommander,DE,985,67756,65700,26505901,2,21,77,155,147,122,98,84,42,90,24,7
1426343,cpsemer,NL,985,46466,26100,16207126,1,20,74,192,151,128,99,83,31,87,35,6
6215554,tjb0607,US,985,22624,44760,8613957,1,19,72,164,145,131,97,79,34,69,26,6
11580182,ËªíËªí_Xuan,TW,985,17439,4200,7312563,2,22,68,153,149,128,97,80,40,67,22,6
7954887,mijuk,KR,985,24160,46020,7216268,2,21,72,150,141,121,98,71,39,65,15,5
2638594,Spree,CA,985,11092,26400,4910592,2,21,72,129,127,120,98,78,39,50,19,5
11247217,t4t,JP,984,25574,43020,14998671,2,23,73,160,136,122,98,75,39,62,18,6
9372211,queerattack,AT,984,15861,37260,13313378,2,21,79,137,132,110,96,74,37,64,17,7
5805506,0xGG,BT,984,66445,26160,11352989,1,14,56,162,141,119,99,82,30,92,23,6
11436953,–Øe db oom,SK,984,73656,4620,8407111,1,13,64,173,141,124,98,84,36,73,16,5
7821111,Luccky,XX,984,16015,84180,6848624,4,35,109,157,135,128,100,80,36,120,15,7
10763706,kvall,SE,984,13102,4080,3718266,2,20,71,113,140,101,99,77,50,66,22,6
17906981,Lews Therin,DE,984,12415,6600,2739266,2,28,95,182,155,144,97,72,42,69,13,7
1634339,dap,RU,983,81514,51180,37570047,2,26,88,157,144,130,96,77,40,53,19,6
3092502,sadtonks,BR,983,26335,6420,13375099,2,23,83,147,143,120,99,82,39,71,23,6
7901656,Nemir,RU,983,36634,6240,11153280,2,26,93,173,151,126,99,76,33,90,17,6
4766338,Stasia,RU,983,16003,4740,9377006,2,23,80,170,154,126,95,84,31,57,30,5
11642635,Luiglass,TW,983,20776,6540,7954339,1,19,105,175,150,128,99,83,34,76,28,7
2860158,anto0611,DK,983,16641,6600,6777801,2,25,89,150,127,121,97,77,37,52,19,9
3862083,lefty,JP,982,103556,55380,54576716,3,35,113,186,153,134,98,78,43,80,27,8
3375704,Nusti,FI,982,42986,3547,13211118,1,14,56,136,131,109,95,80,43,61,18,6
1404214,Anita,FR,982,19216,52320,12100011,2,27,93,145,140,131,93,75,37,53,21,9
13330045,shadowox8,US,982,28251,5640,9005447,2,30,95,177,143,126,98,88,45,66,34,7
14900436,puriso,JP,982,26325,68940,8797129,2,20,69,163,142,129,100,82,35,117,26,5
11382272,Kuilis,LV,982,8650,37740,5509265,2,20,59,142,125,124,95,81,27,33,18,5
10239498,Almeria,JP,982,15009,30240,5072681,2,32,109,185,138,132,99,83,39,83,22,7
8869430,gotquail,CA,982,12123,3900,3060476,1,18,71,167,142,130,95,69,41,43,21,6
10682996,‰∏âÊù°Áë†Áë†,JP,981,48578,84540,21925174,2,29,99,156,152,124,97,76,41,83,22,8
10557628,MiinojenKuningas,FI,981,13932,10320,3262801,3,33,95,168,137,129,98,88,46,81,22,7
3050458,Bestnamever,CN,980,66711,86100,31559776,1,15,52,155,134,121,96,78,30,48,19,6
15417099,November26th,JP,980,40762,5880,18376314,1,26,98,147,143,123,96,77,40,64,23,7
14449116,HD8,HU,980,55750,35400,16487143,2,22,82,163,128,113,100,86,33,101,31,7
3916614,Javid Malikli,AZ,980,33488,6660,14047520,2,25,76,153,145,122,97,76,30,83,20,5
4592676,XerxthePhyrst,US,980,38580,81720,10883835,0,15,57,206,168,141,96,75,35,58,20,6
5988621,asdia,SG,980,45614,4860,9543520,1,15,56,193,161,139,97,74,33,49,17,6
5656511,Sherrinford,CN,980,10336,39900,5598717,2,28,88,158,119,115,97,84,38,54,16,7
20289779,ihyasyugem0s (semi-inactive),XX,980,16289,4620,4544703,2,19,67,173,148,132,97,78,46,48,15,5
3515437,mambo,RU,979,49181,7080,33914735,2,21,68,171,143,129,96,80,32,47,22,7
3190698,Jeffrey1912,BE,979,25398,83520,14263913,2,18,55,183,136,112,96,76,35,41,22,7
3690088,gmalatete,CA,979,20465,6180,7659806,2,22,78,146,135,121,98,81,43,67,26,7
9487209,number0316,KR,979,19534,5520,5515804,1,19,61,157,137,119,98,76,36,52,23,6
2911863,MCA,RO,979,9765,4920,5034201,3,29,81,156,134,125,97,83,38,57,22,5
6713815,kynnvor,CZ,979,11612,36540,4802544,3,30,87,157,128,122,90,76,35,31,16,7
11655367,Cecil,US,979,10311,58860,2885082,4,31,107,163,146,134,96,80,46,48,20,7
13049583,silentrunner,CN,978,41561,28740,25869106,2,22,67,154,135,129,95,77,34,66,21,6
1788541,Artyomis|üè¥‚Äç‚ò†Ô∏èüç∫,MV,978,40500,34140,19749012,1,23,70,167,152,128,95,77,37,46,17,6
4324231,newerplant,XX,978,58750,65640,16635210,2,25,100,164,157,127,100,85,51,126,21,8
4037059,skkrrtttt üü™,PH,978,22090,32340,14479919,1,17,52,158,139,126,99,62,24,88,17,4
6359005,Cats_are_cute,UA,978,47743,38760,12393607,2,22,77,167,138,118,99,87,39,61,28,6
1224294,kitpan,CN,978,7338,3660,3886349,2,17,58,145,134,122,97,73,48,70,14,8
6320188,LeftyC,XX,978,10180,30000,3645572,2,24,74,178,135,124,98,85,40,75,28,5
11404860,Xylc,ID,978,9291,7200,1898686,2,24,74,180,141,138,97,81,41,71,24,7
6884269,p-man pray,JP,977,61893,34020,23478456,2,21,87,158,149,125,98,79,40,88,29,7
6935890,nekkorn,TW,977,72968,6720,20352635,2,18,85,186,143,135,98,84,31,76,35,6
3945824,kshsword,KR,977,12813,7140,12428955,1,18,64,150,139,124,98,72,33,72,14,5
5677342,arielatom68,US,977,16990,5040,10669335,3,27,91,171,141,129,98,79,34,63,19,6
9961303,yum,JP,977,22127,3451,8243749,1,17,58,171,148,137,99,82,38,63,27,10
10304897,kopfire,RU,977,19981,8580,8155258,1,22,85,143,125,116,98,77,41,91,23,6
13892726,Vashello,IT,977,19763,36120,6745484,2,25,83,167,145,126,95,79,35,62,29,7
19550036,shogi_boy,JP,977,19469,43080,6374096,3,30,95,148,143,135,99,85,43,99,22,7
6975535,CatsLeftEar,NO,977,10777,33300,5899215,2,19,69,162,140,124,93,71,31,37,15,5
12367547,BenjaMine,DE,977,10856,37200,4003889,3,26,85,155,148,126,96,75,37,54,16,6
6103316,RandomPotato,DE,976,36906,4680,21227628,1,19,65,177,144,132,95,83,37,58,21,5
14192058,chengrui,CN,976,48509,45840,14647389,3,31,104,136,138,128,98,82,42,73,22,9
2068748,Kalja,FI,976,27458,24300,9932660,1,19,61,160,151,121,99,81,36,58,24,6
10174377,seed,JP,976,34485,33000,9347647,1,22,75,164,150,130,98,85,38,70,20,6
5135714,Sho,IN,976,22427,6480,7615876,2,21,69,180,156,129,94,76,38,60,18,8
6258215,FlowRyan 23,DE,976,10817,4920,3752832,2,22,91,150,144,122,99,74,44,91,16,7
13892726,Vashello,IT,977,19763,36120,6745484,2,25,83,167,145,126,95,79,35,62,29,7
19550036,shogi_boy,JP,977,19469,43080,6374096,3,30,95,148,143,135,99,85,43,99,22,7
6975535,CatsLeftEar,NO,977,10777,33300,5899215,2,19,69,162,140,124,93,71,31,37,15,5
12367547,BenjaMine,DE,977,10856,37200,4003889,3,26,85,155,148,126,96,75,37,54,16,6
6103316,RandomPotato,DE,976,36906,4680,21227628,1,19,65,177,144,132,95,83,37,58,21,5
14192058,chengrui,CN,976,48509,45840,14647389,3,31,104,136,138,128,98,82,42,73,22,9
2068748,Kalja,FI,976,27458,24300,9932660,1,19,61,160,151,121,99,81,36,58,24,6
10174377,seed,JP,976,34485,33000,9347647,1,22,75,164,150,130,98,85,38,70,20,6
5135714,Sho,IN,976,22427,6480,7615876,2,21,69,180,156,129,94,76,38,60,18,8
6258215,FlowRyan 23,DE,976,10817,4920,3752832,2,22,91,150,144,122,99,74,44,91,16,7
13892726,Vashello,IT,977,19763,36120,6745484,2,25,83,167,145,126,95,79,35,62,29,7
19550036,shogi_boy,JP,977,19469,43080,6374096,3,30,95,148,143,135,99,85,43,99,22,7
6975535,CatsLeftEar,NO,977,10777,33300,5899215,2,19,69,162,140,124,93,71,31,37,15,5
12367547,BenjaMine,DE,977,10856,37200,4003889,3,26,85,155,148,126,96,75,37,54,16,6
6103316,RandomPotato,DE,976,36906,4680,21227628,1,19,65,177,144,132,95,83,37,58,21,5
14192058,chengrui,CN,976,48509,45840,14647389,3,31,104,136,138,128,98,82,42,73,22,9
2068748,Kalja,FI,976,27458,24300,9932660,1,19,61,160,151,121,99,81,36,58,24,6
10174377,seed,JP,976,34485,33000,9347647,1,22,75,164,150,130,98,85,38,70,20,6
5135714,Sho,IN,976,22427,6480,7615876,2,21,69,180,156,129,94,76,38,60,18,8
6258215,FlowRyan 23,DE,976,10817,4920,3752832,2,22,91,150,144,122,99,74,44,91,16,7
13892726,Vashello,IT,977,19763,36120,6745484,2,25,83,167,145,126,95,79,35,62,29,7
19550036,shogi_boy,JP,977,19469,43080,6374096,3,30,95,148,143,135,99,85,43,99,22,7
6975535,CatsLeftEar,NO,977,10777,33300,5899215,2,19,69,162,140,124,93,71,31,37,15,5
12367547,BenjaMine,DE,977,10856,37200,4003889,3,26,85,155,148,126,96,75,37,54,16,6
6103316,RandomPotato,DE,976,36906,4680,21227628,1,19,65,177,144,132,95,83,37,58,21,5
14192058,chengrui,CN,976,48509,45840,14647389,3,31,104,136,138,128,98,82,42,73,22,9
2068748,Kalja,FI,976,27458,24300,9932660,1,19,61,160,151,121,99,81,36,58,24,6
10174377,seed,JP,976,34485,33000,9347647,1,22,75,164,150,130,98,85,38,70,20,6
5135714,Sho,IN,976,22427,6480,7615876,2,21,69,180,156,129,94,76,38,60,18,8
6258215,FlowRyan 23,DE,976,10817,4920,3752832,2,22,91,150,144,122,99,74,44,91,16,7
14428184,de D,UA,973,6767,5700,3047995,3,26,82,141,141,127,97,68,41,46,18,7
8489336,ÏßÄÏö©ÎØº,KR,973,6103,82260,2871636,3,29,74,160,127,112,99,70,42,63,16,7
2285717,Lauch,DE,972,74458,5340,23058193,2,23,84,171,143,125,97,78,31,70,21,8
6062256,ArcticFox ü¶ä,XX,972,43580,7080,18454576,3,31,101,169,139,130,98,80,37,77,19,6
15066308,MinEthSw,ES,972,45954,31380,13635975,2,25,100,188,160,134,98,82,41,73,29,6
5914657,enam,SE,972,20825,22200,13347555,2,25,84,107,122,105,97,83,42,67,23,6
3445213,DesMaize,LV,972,11938,4920,6127329,2,18,71,157,139,127,96,81,31,58,21,5
12999222,Youngling,AU,972,19082,85200,5952264,2,20,65,156,135,123,96,80,29,54,32,6
7974032,Lithop,US,972,17233,4500,4606591,1,21,79,142,127,108,98,84,46,76,24,7
5555183,Soepkip,NL,972,9826,34020,4241780,2,19,56,150,131,116,99,83,34,97,23,5
9411349,dimastij,RU,972,9103,49320,2849817,3,27,88,150,143,132,98,81,47,55,14,6
2444064,MHLMine üíôüíõ,DE,971,69034,33600,41351220,2,24,89,163,153,131,96,80,35,66,24,5
6797845,„Åü„Å¨„Åç,JP,971,81016,6240,39667280,3,31,123,153,149,126,98,79,36,89,20,5
532236,Parietin√¶ Umbra,IT,971,34900,4920,13837831,1,16,74,163,146,128,97,85,45,59,26,6
17010738,PRO FROM VIETNAM,VN,971,18574,40380,9984103,4,32,117,142,137,123,97,85,43,48,27,7
16602184,takazuki,JP,971,23081,86220,8597596,2,29,89,165,147,134,98,78,44,74,21,5
3098464,Can,CN,971,20074,38820,7324280,2,24,84,144,132,123,97,81,44,50,24,5
17735007,S.Han,KR,971,11801,49020,4293269,1,23,70,159,141,119,91,75,43,34,19,9
18174206,QBeeIII,US,971,18537,5940,4273453,2,22,85,175,142,126,98,84,37,83,20,8
7307497,Anonymous7307497,US,971,9991,6060,4020935,4,31,92,161,153,120,97,76,40,39,16,8
11513952,Can Opener,LV,971,9070,79560,1994795,3,27,98,164,143,131,97,81,42,70,21,7
5219303,GameL,RU,970,85465,5880,26850051,1,16,74,156,144,124,95,72,30,49,19,5
2949387,A1234,DE,970,33811,6960,14322640,2,23,81,159,135,124,98,78,27,64,27,6
3596892,‡∏ó‡∏ß‡∏µ‡∏ß‡∏∏‡∏í‡∏¥ ‡∏õ‡∏£‡∏∞‡∏ò‡∏≤‡∏ô‡∏£‡∏≤‡∏©‡∏é‡∏£,TH,970,30654,39960,11224707,1,18,61,176,144,129,99,81,41,87,26,6
5838899,stormyt,US,970,14094,17400,7554125,2,31,105,142,135,130,99,82,38,72,26,9
5808996,mathandcarnage,US,970,14002,57840,3750614,3,30,98,135,139,126,98,86,51,59,25,6
17610693,Dalnore,IL,970,10729,7560,3123051,1,23,68,143,156,127,97,79,46,65,18,6
3099954,UkulelePhant,XX,969,40603,84960,19311049,2,22,77,164,151,122,96,78,37,55,16,6
11684696,HalfTheDeck,DE,969,46012,65340,18560734,1,28,104,145,141,123,99,87,42,89,33,8
5806987,pointless,BR,969,19993,22800,9843901,2,20,65,158,127,111,99,79,35,75,19,6
11137179,translator‚ùÑÔ∏è,JP,969,23775,31380,9837115,3,26,79,141,139,123,96,74,37,53,19,7
10638468,SeanYang,TW,969,14763,4800,4325014,1,22,75,192,145,131,92,74,48,33,22,6
9172320,fruitcake,AT,969,14683,31860,4296096,2,22,92,150,141,130,99,75,39,65,20,6
16084079,YTF,GB,969,13140,82500,4066245,2,22,78,167,149,139,97,77,39,50,19,7
1609360,WeAreToast,US,969,3504,28500,2091812,2,25,74,169,129,131,91,69,33,33,10,5
11087121,gomi,KR,968,40960,4020,24194997,1,14,63,146,150,124,96,69,28,67,13,6
6794653,tgknukem,US,968,20395,48720,23170254,4,32,130,133,120,113,94,82,45,43,21,8
5558919,Richard Hollander,US,968,58603,17760,18826458,2,24,81,164,151,128,100,85,39,100,20,9
11761133,ÈòøÂá°fun,TW,968,46855,6900,17920550,2,26,91,173,150,138,96,82,35,57,23,6
3024420,Caba4ek3228,BY,968,22095,21000,14149000,2,18,63,156,137,115,94,69,31,43,18,6
16044454,swampsheriff,RU,968,29683,38580,13956800,2,28,101,173,139,123,100,80,35,132,19,5
10936540,Dimasik,RU,968,27275,55620,10985333,2,18,60,144,131,112,96,78,28,64,17,5
2822851,NoviBMeka,US,968,29563,78900,10305721,1,18,69,155,148,117,98,79,37,78,15,6
8257695,Mark T.,DE,968,36316,46920,9715411,2,25,85,157,134,121,97,84,39,68,21,8
3629635,okluar,RU,968,6804,48960,6284794,3,35,85,107,108,119,93,67,43,45,13,6
2881387,Mix,LT,967,68913,58140,23167487,2,25,89,167,136,127,99,86,38,95,22,6
5520649,Ng·ªØ C√¥ng Tuy·ªÉn,VN,967,21076,4980,13305648,3,25,77,174,120,115,98,78,28,80,22,5
5866652,KuraBuraMaster,PL,967,22737,31020,7294357,1,23,77,153,139,115,97,85,37,66,31,8
18575699,Clara0005,GB,967,20826,49920,5205933,2,31,97,188,140,119,97,84,38,65,21,6
12473568,ayn,JP,967,14834,10080,4513593,1,17,61,190,145,136,88,66,42,30,12,7
16653161,DS :),IN,967,12246,54420,4208018,2,25,96,133,137,122,96,77,39,48,21,6
5823557,Anonymous5823557,JP,967,4952,6720,3609154,1,22,69,167,159,120,86,81,42,28,20,6
11619931,towwl,US,967,6174,83760,3108507,3,25,87,140,135,114,96,79,45,48,14,7
948222,Carbofos,BY,966,91632,4920,70134235,2,21,78,173,136,122,96,78,22,57,24,4
5455245,NikNak,US,966,28019,12360,15314493,2,31,99,156,127,122,97,86,42,60,21,8
653766,Thoo-tau,TW,966,20247,4200,11230823,2,20,67,157,132,122,96,84,42,64,24,6
2942468,kingoks,HK,966,26269,64680,10348040,3,27,97,158,138,132,97,78,38,58,22,7
10402138,dyp,PT,966,9755,46260,4461090,4,29,96,150,152,127,97,85,39,66,20,5
2900939,trew,PT,966,8415,36960,2878078,1,24,78,159,134,126,97,85,42,43,20,6
2146160,rougorge,FR,965,81436,8160,43122093,3,35,153,171,154,131,99,82,34,69,33,7
833642,AnChi,TW,965,108890,22620,27234083,1,15,58,154,131,120,98,80,32,62,22,5
3492428,–ê–Ω–¥—Ä–µ–π –ö—É–∑—å–º–∏–Ω,RU,965,61494,8040,20145803,3,32,129,167,160,130,98,85,46,80,26,8
7109621,NGU_Parad0x,HU,965,27570,28080,12599334,2,23,87,145,140,123,98,75,34,62,16,7
4050806,Eizo Soma,RU,965,30089,5220,9512023,2,26,88,152,145,128,99,82,36,87,25,6
1896875,Alumina,US,965,19208,4080,8784522,2,22,77,167,150,132,98,85,36,64,26,7
5402473,Thethethe,US,965,25766,4680,3366227,0,17,64,207,140,130,98,76,42,63,22,6
5822349,Ï†ÑÏ†ïÏàò,KR,965,5149,4980,1772845,2,18,56,156,123,111,99,79,35,92,16,8
7561864,olbx,RU,964,59951,39000,31194107,2,30,101,158,136,119,98,75,34,84,18,6
3318290,Traeng,DE,964,44681,9780,18953443,1,15,54,158,144,124,98,86,43,82,26,6
3450398,hel_XY,DE,964,24134,37380,12370990,4,40,127,194,137,116,97,81,39,54,20,7
6771946,Put in high low,UA,964,25793,78300,12209556,2,26,89,186,136,126,96,78,35,61,20,6
13975481,Yuki Amadeus,TW,964,18865,5820,8884243,2,25,107,171,142,130,96,84,35,55,20,6
6704101,HuevosConAceite,CL,964,16109,6120,6060794,2,22,94,171,148,128,99,82,42,86,25,6
5842739,SrirachaLord,US,964,15064,4740,5862608,2,18,68,144,138,122,97,78,35,74,23,7
14817151,krkr,ID,964,14933,18600,4473879,2,27,98,171,140,136,99,86,47,73,22,6
6829156,Sigma Nation,ID,964,14184,4560,4425784,1,20,71,167,130,127,93,78,38,48,17,5
6103508,Atticus Baker,US,964,11893,80220,4337299,3,25,70,150,132,117,96,77,40,50,21,7
4075071,„Åó„Åí„Å°„ÇÉ„Çì,JP,963,101229,51900,49886282,3,32,117,153,150,130,98,86,43,62,40,7
8597796,timido,DE,963,112628,6120,28130258,3,30,109,189,146,127,98,80,39,87,26,7
8063210,Programmistessa,DE,963,36921,7920,13418521,2,29,109,164,139,120,99,83,44,91,25,7
3649630,rebo237,DE,963,32270,6180,10469857,2,26,95,167,143,124,98,82,39,70,28,5
18070632,Qioup,GR,963,40392,4020,7946903,1,21,74,154,136,128,99,82,40,84,25,6
11847691,PhenixCeleste,FR,963,15579,33060,6118512,2,25,86,200,147,134,99,79,39,65,20,6
3484465,Robar,US,962,38527,6660,20540147,3,32,106,144,144,115,98,81,41,60,22,7
375037,Geugen14,IL,962,46228,55800,15578131,2,19,73,164,134,115,100,76,25,104,24,4
19961294,wightou,JP,962,13602,9720,6310915,3,36,129,146,141,129,98,84,39,68,18,7
10632075,6368720586732,JP,962,15700,7860,5853343,1,25,84,162,151,121,96,74,35,50,21,6
17291055,sirataki,JP,962,17088,80580,5516181,2,19,67,136,136,119,99,82,40,84,22,7
14231098,Pearson,CN,962,13449,28500,4458903,2,17,72,154,122,121,93,71,35,51,28,5
17622999,minereader,KR,962,10430,85260,3953211,3,32,97,147,143,127,95,78,41,48,16,5
3799062,mingo,CZ,962,13014,12300,2923636,2,22,77,200,160,142,98,87,41,72,22,6
6359698,ttm_ben,JP,961,75682,76260,42556302,2,21,70,155,137,124,97,78,28,58,16,5
11682274,Spicycate,TW,961,82177,46020,33870086,2,36,135,143,138,121,99,85,38,78,28,8
10270080,OldGreyMan,US,961,90522,47580,32063498,3,41,149,125,139,119,99,87,42,94,25,7
1439017,TAB,RU,961,56310,11460,26820469,2,29,88,155,141,126,97,84,37,61,23,6
7122663,aistoff,RU,961,72563,21360,25890180,1,19,61,137,125,109,99,81,29,75,19,6
10446740,apri_cot,JP,961,79924,6600,20490630,1,22,77,183,148,128,99,81,33,90,22,7
4738225,conperiri,DE,961,54344,6060,17817711,2,27,87,160,132,114,97,79,35,88,25,7
1499171,Carcharodon,RU,961,14837,5880,17786789,2,23,73,136,114,109,94,76,35,46,19,6
9487085,Sota u,JP,961,18654,12480,14129658,2,20,84,133,133,123,97,69,37,75,17,7
3799062,mingo,CZ,962,13014,12300,2923636,2,22,77,200,160,142,98,87,41,72,22,6
6359698,ttm_ben,JP,961,75682,76260,42556302,2,21,70,155,137,124,97,78,28,58,16,5
11682274,Spicycate,TW,961,82177,46020,33870086,2,36,135,143,138,121,99,85,38,78,28,8
10270080,OldGreyMan,US,961,90522,47580,32063498,3,41,149,125,139,119,99,87,42,94,25,7
1439017,TAB,RU,961,56310,11460,26820469,2,29,88,155,141,126,97,84,37,61,23,6
7122663,aistoff,RU,961,72563,21360,25890180,1,19,61,137,125,109,99,81,29,75,19,6
10446740,apri_cot,JP,961,79924,6600,20490630,1,22,77,183,148,128,99,81,33,90,22,7
4738225,conperiri,DE,961,54344,6060,17817711,2,27,87,160,132,114,97,79,35,88,25,7
1499171,Carcharodon,RU,961,14837,5880,17786789,2,23,73,136,114,109,94,76,35,46,19,6
9487085,Sota u,JP,961,18654,12480,14129658,2,20,84,133,133,123,97,69,37,75,17,7
3799062,mingo,CZ,962,13014,12300,2923636,2,22,77,200,160,142,98,87,41,72,22,6
6359698,ttm_ben,JP,961,75682,76260,42556302,2,21,70,155,137,124,97,78,28,58,16,5
11682274,Spicycate,TW,961,82177,46020,33870086,2,36,135,143,138,121,99,85,38,78,28,8
10270080,OldGreyMan,US,961,90522,47580,32063498,3,41,149,125,139,119,99,87,42,94,25,7
1439017,TAB,RU,961,56310,11460,26820469,2,29,88,155,141,126,97,84,37,61,23,6
7122663,aistoff,RU,961,72563,21360,25890180,1,19,61,137,125,109,99,81,29,75,19,6
10446740,apri_cot,JP,961,79924,6600,20490630,1,22,77,183,148,128,99,81,33,90,22,7
4738225,conperiri,DE,961,54344,6060,17817711,2,27,87,160,132,114,97,79,35,88,25,7
1499171,Carcharodon,RU,961,14837,5880,17786789,2,23,73,136,114,109,94,76,35,46,19,6
9487085,Sota u,JP,961,18654,12480,14129658,2,20,84,133,133,123,97,69,37,75,17,7
3799062,mingo,CZ,962,13014,12300,2923636,2,22,77,200,160,142,98,87,41,72,22,6
6359698,ttm_ben,JP,961,75682,76260,42556302,2,21,70,155,137,124,97,78,28,58,16,5
11682274,Spicycate,TW,961,82177,46020,33870086,2,36,135,143,138,121,99,85,38,78,28,8
10270080,OldGreyMan,US,961,90522,47580,32063498,3,41,149,125,139,119,99,87,42,94,25,7
1439017,TAB,RU,961,56310,11460,26820469,2,29,88,155,141,126,97,84,37,61,23,6
7122663,aistoff,RU,961,72563,21360,25890180,1,19,61,137,125,109,99,81,29,75,19,6
10446740,apri_cot,JP,961,79924,6600,20490630,1,22,77,183,148,128,99,81,33,90,22,7
4738225,conperiri,DE,961,54344,6060,17817711,2,27,87,160,132,114,97,79,35,88,25,7
1499171,Carcharodon,RU,961,14837,5880,17786789,2,23,73,136,114,109,94,76,35,46,19,6
9487085,Sota u,JP,961,18654,12480,14129658,2,20,84,133,133,123,97,69,37,75,17,7
5128877,gde,PT,958,10816,6180,6302163,2,24,79,129,141,125,95,71,33,44,19,5
3446647,RazorMK,US,958,7636,4440,4365909,3,23,81,164,130,118,96,79,36,32,22,5
11338931,59DC,CN,958,12089,5460,3895622,2,22,84,163,132,125,98,79,34,73,18,5
4887618,JakobG,DE,958,4373,5880,1920369,3,28,84,164,135,127,87,68,41,38,19,7
5012844,OldTimer123,US,957,161307,8580,72139304,2,38,143,144,134,123,99,87,37,79,26,6
8804574,gam,DE,957,44854,6060,18583896,2,22,80,167,147,125,98,80,30,60,18,6
3674759,Spider-Man,US,957,36551,6660,14580412,2,23,83,150,149,129,96,76,32,70,27,5
4670120,Keram,DE,957,35971,16620,14055825,2,26,89,176,141,127,98,79,39,68,26,7
2234372,sweepy17,DE,957,35502,67140,13847908,3,38,137,167,149,137,97,83,34,50,25,7
1976552,Olivaw,HU,957,42836,36960,12382974,3,30,107,192,162,134,97,81,38,65,25,8
6871274,GodEmperor,DE,957,29264,36420,11191471,2,20,65,171,136,118,99,76,32,84,14,8
9579863,Juanma Nolo,ES,957,9907,36960,4349741,1,21,80,133,133,113,96,75,39,62,16,5
8850199,Nik Barabash,RU,957,9571,30300,3802323,3,28,96,156,133,122,95,82,40,41,19,6
1897906,Lebossle,BR,957,11301,5760,3102986,3,32,106,142,143,123,98,83,43,81,19,8
9106745,JakeMertens,US,957,4856,23220,2674223,2,21,69,124,150,113,93,72,28,31,16,5
7945111,freeyeung,AU,956,76867,3600,74573241,1,13,50,164,124,116,96,73,22,57,16,5
5016993,toto1,PL,956,121624,5700,27217354,2,28,96,180,140,123,100,85,37,102,26,8
8587721,wu.,TW,956,34377,3960,18830454,1,18,65,162,134,120,96,79,29,52,21,5
2583889,vian2013,TW,956,26694,70620,14369414,2,27,90,158,129,122,96,83,37,54,19,6
12223203,pfv,BR,956,35020,3840,10750373,1,15,62,148,133,116,98,81,23,51,17,5
5803613,Omeg12,PL,956,15172,15780,9164705,3,23,78,142,117,109,97,81,46,52,23,7
2523834,sofi4_,IT,956,24618,4920,8364786,2,21,75,144,138,121,97,80,34,70,22,5
18778700,sayabao,GB,956,12511,5220,5041860,1,12,54,167,147,141,95,74,32,50,14,5
13702154,DeimosAT,AT,956,9794,76260,4668549,2,30,96,140,138,121,94,81,38,37,18,6
1920922,Dom5nic9,US,956,9915,9120,4385694,3,30,92,162,135,121,98,80,43,60,15,6
4815880,stillam,CN,956,16027,4080,2794093,2,19,62,144,141,128,99,81,29,92,22,6
1105798,Xilef,GB,955,50362,21840,33399951,1,10,40,185,160,141,97,77,27,70,20,8
4611176,poet,JP,955,69074,6420,31029760,2,23,83,162,143,131,98,75,30,62,16,6
2767909,XVIII,RU,955,158545,4920,23408540,1,17,77,170,137,118,100,72,24,111,20,4
7491407,Flip,DE,955,58586,55140,22880173,3,35,113,179,137,119,99,79,37,96,19,7
6606696,m.amin.s96,IR,955,27118,82680,9835238,3,28,100,141,118,115,97,82,43,63,19,7
6140754,ravelation,US,955,7825,8760,9644784,2,26,89,159,141,129,86,65,23,29,14,7
15031850,FG29,DE,955,36754,9360,8057946,2,23,101,150,130,122,99,82,40,78,18,6
7454404,Kartoffelsalat,DE,955,24979,85980,6953702,2,26,97,178,143,123,99,81,35,83,22,8
5129535,Dagley,AU,955,15218,7200,5265261,2,27,92,145,133,117,97,82,46,64,29,6
18393395,„Åü„Åæ„ÅîÁô∫ÊéòÈöä,JP,955,15091,5280,4144571,2,24,78,167,150,133,99,86,43,54,27,7
7014373,Black Kaze,KG,955,6182,6060,3809260,2,18,76,133,134,119,95,80,36,46,14,7
12652796,Dvorak438,XX,955,4888,5880,2078557,4,31,119,148,137,121,96,82,49,60,23,5
11340494,Anonymous11340494,JP,954,75113,4800,23805696,2,21,85,150,149,124,97,79,26,63,24,5
11981065,Sdrkfd,FR,954,40111,83160,15257411,2,35,105,171,140,131,97,82,40,69,24,6
11492693,hunchcat,FI,954,40307,5580,12256900,2,24,76,150,134,120,97,81,43,64,21,6
6866724,kongkongkong,AU,954,16376,7200,10581087,2,19,78,145,141,123,97,76,36,55,20,5
16048355,Ducon,FR,954,28473,45180,7895176,3,31,109,175,142,126,98,82,44,71,24,7
4405730,Pinballwiz45b,US,954,27616,24420,7781588,2,22,74,162,132,128,96,84,40,63,20,5
4291642,SakurAme,JP,954,8976,36780,7635695,2,16,53,144,130,110,93,82,35,62,18,7
5823299,Wasab,PL,954,25246,82320,6960029,2,21,73,144,120,104,98,84,42,71,20,6
12816435,vapor49,CN,954,15515,4500,5702128,2,21,74,158,142,131,98,74,28,80,18,5
5550561,Kismet,US,954,12867,5700,4656657,2,27,96,171,152,122,96,77,35,61,20,7
386713,L√Ω Ti√™n Ph√∫,VN,953,59619,41640,51538920,1,21,83,169,152,132,96,81,29,48,19,5
11712868,Anonymous11712868,RS,953,56513,9480,23248197,2,26,88,164,135,124,98,83,41,78,21,7
431037,Pan De Sal :3,TH,953,38182,4740,15977167,1,18,67,170,147,128,99,76,27,60,21,4
8491379,pigeonR,PL,953,21137,5400,7970103,2,24,87,150,141,123,96,78,38,64,14,7
3673845,choco3739,JP,953,16924,31260,5023226,2,22,83,143,135,117,99,79,37,77,17,5
16868910,Warre,BE,953,7555,5160,2174338,3,26,94,136,122,117,97,80,48,70,17,5
3937322,alexas,DE,952,48058,6420,28455488,2,35,121,179,151,129,97,82,40,60,26,6
7483127,ÎàÑÎ•¥Î©¥ ÌÑ∞ÏßàÎÅÑÎÉêÏòπ?,KR,952,28522,53880,25501297,2,27,94,155,119,104,95,77,35,48,26,6
3387298,She-RA,DK,952,32868,32520,14393304,3,25,91,150,130,119,99,86,37,61,24,6
2744240,Èôê„Çä„Å™„ÅèÈùí„Å´Ëøë„ÅÑ„Éñ„É´„Éº,JP,952,18537,46800,8343726,1,22,77,160,134,124,98,78,34,61,17,5
18214962,ty z,US,952,14610,46740,5223652,2,27,90,160,145,129,96,80,34,49,20,5
1260921,muller8,US,952,6671,47160,5048720,3,26,79,141,112,107,94,82,29,34,23,6
4016530,Ashlank,AR,952,21712,5520,4657526,2,26,88,186,137,116,99,73,32,94,22,7
5816065,Anonymous31415926,ST,952,9423,13200,3907794,2,23,74,144,136,120,96,80,42,50,21,5
3841928,BlockITO,JP,952,8691,52140,3567541,2,21,71,167,132,117,94,65,41,35,24,5
4206927,DeltaWither,XX,952,16610,38280,2907572,2,26,84,173,134,123,96,67,38,62,18,5
5803475,Mooing,US,952,4507,38160,1543431,2,18,72,153,131,126,92,55,42,35,21,6
5411973,Alimka,UA,951,83641,7680,44551026,2,31,106,160,143,126,100,81,37,118,22,7
3570744,folki,SK,951,83974,43140,29446252,2,22,95,167,135,123,98,78,30,75,18,6
9297581,Mariofan123478,FR,951,38086,28680,13501884,2,21,70,164,132,121,96,79,35,60,22,5
941384,marcx77,NL,951,32413,3780,12954305,1,14,54,167,130,119,97,79,28,64,18,5
4119696,dexPrime,PL,951,16760,13620,8856995,2,35,110,175,143,135,97,87,50,56,30,7
